{
  "data": [
    {
      "owner": "ac701a91-9063-4c30-8538-e9d20bdca034",
      "firstGrave": {
        "dimension": {
          "field_13353": "minecraft",
          "field_13355": "overworld"
        },
        "posX": 205,
        "posY": -22,
        "posZ": 196
      },
      "secondGrave": {
        "dimension": {
          "field_13353": "minecraft",
          "field_13355": "overworld"
        },
        "posX": 0,
        "posY": 0,
        "posZ": 0
      },
      "thirdGrave": {
        "dimension": {
          "field_13353": "minecraft",
          "field_13355": "overworld"
        },
        "posX": 0,
        "posY": 0,
        "posZ": 0
      }
    },
    {
      "owner": "5676735a-67b4-4a21-8612-8de77a35d128",
      "firstGrave": {
        "dimension": {
          "field_13353": "minecraft",
          "field_13355": "overworld"
        },
        "posX": 166,
        "posY": 66,
        "posZ": -17
      },
      "secondGrave": {
        "dimension": {
          "field_13353": "minecraft",
          "field_13355": "overworld"
        },
        "posX": 170,
        "posY": 67,
        "posZ": -10
      },
      "thirdGrave": {
        "dimension": {
          "field_13353": "minecraft",
          "field_13355": "overworld"
        },
        "posX": 176,
        "posY": 71,
        "posZ": -5
      }
    },
    {
      "owner": "2dc3b83f-2fb1-463d-ae17-2448c2392720",
      "firstGrave": {
        "dimension": {
          "field_13353": "minecraft",
          "field_13355": "the_nether"
        },
        "posX": 21,
        "posY": 65,
        "posZ": 3
      },
      "secondGrave": {
        "dimension": {
          "field_13353": "minecraft",
          "field_13355": "overworld"
        },
        "posX": 655,
        "posY": -13,
        "posZ": 39
      },
      "thirdGrave": {
        "dimension": {
          "field_13353": "minecraft",
          "field_13355": "overworld"
        },
        "posX": 765,
        "posY": -34,
        "posZ": 54
      }
    },
    {
      "owner": "1e09a849-cd92-43f2-92ea-ead6e957966b",
      "firstGrave": {
        "dimension": {
          "field_13353": "minecraft",
          "field_13355": "overworld"
        },
        "posX": 112,
        "posY": 67,
        "posZ": -50
      },
      "secondGrave": {
        "dimension": {
          "field_13353": "minecraft",
          "field_13355": "overworld"
        },
        "posX": 141,
        "posY": 58,
        "posZ": -28
      },
      "thirdGrave": {
        "dimension": {
          "field_13353": "minecraft",
          "field_13355": "overworld"
        },
        "posX": 159,
        "posY": 57,
        "posZ": -33
      }
    }
  ]
}