{
  "data": [
    {
      "owner": "2dc3b83f-2fb1-463d-ae17-2448c2392720",
      "firstGrave": {
        "dimension": {
          "field_13353": "minecraft",
          "field_13355": "the_nether"
        },
        "posX": 21,
        "posY": 65,
        "posZ": 3
      },
      "secondGrave": {
        "dimension": {
          "field_13353": "minecraft",
          "field_13355": "overworld"
        },
        "posX": 655,
        "posY": -13,
        "posZ": 39
      },
      "thirdGrave": {
        "dimension": {
          "field_13353": "minecraft",
          "field_13355": "overworld"
        },
        "posX": 765,
        "posY": -34,
        "posZ": 54
      }
    },
    {
      "owner": "ac701a91-9063-4c30-8538-e9d20bdca034",
      "firstGrave": {
        "dimension": {
          "field_13353": "minecraft",
          "field_13355": "overworld"
        },
        "posX": 155,
        "posY": 57,
        "posZ": -36
      },
      "secondGrave": {
        "dimension": {
          "field_13353": "minecraft",
          "field_13355": "overworld"
        },
        "posX": 205,
        "posY": -22,
        "posZ": 196
      },
      "thirdGrave": {
        "dimension": {
          "field_13353": "minecraft",
          "field_13355": "overworld"
        },
        "posX": 0,
        "posY": 0,
        "posZ": 0
      }
    },
    {
      "owner": "5676735a-67b4-4a21-8612-8de77a35d128",
      "firstGrave": {
        "dimension": {
          "field_13353": "minecraft",
          "field_13355": "overworld"
        },
        "posX": 178,
        "posY": 75,
        "posZ": 9
      },
      "secondGrave": {
        "dimension": {
          "field_13353": "minecraft",
          "field_13355": "overworld"
        },
        "posX": 155,
        "posY": 75,
        "posZ": -2
      },
      "thirdGrave": {
        "dimension": {
          "field_13353": "minecraft",
          "field_13355": "overworld"
        },
        "posX": 166,
        "posY": 66,
        "posZ": -17
      }
    },
    {
      "owner": "1e09a849-cd92-43f2-92ea-ead6e957966b",
      "firstGrave": {
        "dimension": {
          "field_13353": "minecraft",
          "field_13355": "overworld"
        },
        "posX": -181,
        "posY": 24,
        "posZ": 315
      },
      "secondGrave": {
        "dimension": {
          "field_13353": "minecraft",
          "field_13355": "overworld"
        },
        "posX": -195,
        "posY": 41,
        "posZ": 308
      },
      "thirdGrave": {
        "dimension": {
          "field_13353": "minecraft",
          "field_13355": "overworld"
        },
        "posX": -202,
        "posY": 62,
        "posZ": 315
      }
    }
  ]
}