{"stats":{"minecraft:used":{"minecraft:iron_shovel":1796,"minecraft:shield":208,"minecraft:chest":48,"minecraft:decorated_pot":2,"minecraft:stone":109,"minecraft:iron_sword":50,"minecraft:waxed_copper_grate":11,"minecraft:axolotl_bucket":2,"minecraft:tuff":16,"minecraft:obsidian":14,"minecraft:honey_bottle":2,"minecraft:honeycomb":6,"minecraft:glass":12,"minecraft:waxed_oxidized_copper":1,"minecraft:waxed_oxidized_copper_grate":2,"minecraft:magma_block":1,"minecraft:bow":285,"minecraft:hay_block":16,"minecraft:ominous_bottle":2,"minecraft:oak_sapling":12,"minecraft:furnace":8,"minecraft:egg":6,"minecraft:diorite":1,"mcwlights:white_lamp":2,"minecraft:stone_pickaxe":261,"minecraft:oak_planks":126,"minecraft:diamond_axe":975,"minecraft:golden_apple":1,"minecraft:white_wool":2,"minecraft:sand":6,"minecraft:blast_furnace":6,"minecraft:polished_tuff":1,"waystones:waystone":2,"minecraft:crying_obsidian":2,"minecraft:melon_slice":12,"minecraft:mace":12,"minecraft:bread":89,"minecraft:lectern":2,"croptopia:avocado_toast":4,"minecraft:gravel":1,"minecraft:diamond_sword":1461,"croptopia:toast":102,"minecraft:fire_charge":1,"globalxp:xp_block":1,"minecraft:grindstone":2,"toms_storage:crafting_terminal":1,"minecraft:smithing_table":2,"minecraft:andesite":13,"minecraft:trident":9,"minecraft:stone_sword":123,"minecraft:enchanting_table":5,"minecraft:acacia_log":1,"minecraft:flint_and_steel":1,"minecraft:stone_shovel":262,"minecraft:trial_key":20,"minecraft:stone_hoe":18,"minecraft:cooked_chicken":13,"minecraft:netherrack":94,"minecraft:orange_bed":4,"minecraft:torch":161,"minecraft:dirt":786,"minecraft:anvil":3,"minecraft:wooden_axe":79,"minecraft:chipped_anvil":1,"minecraft:bookshelf":38,"minecraft:iron_axe":453,"minecraft:oak_stairs":5,"minecraft:diamond_chestplate":3,"minecraft:basalt":52,"minecraft:golden_carrot":14,"minecraft:emerald_block":1,"minecraft:cooked_beef":13,"minecraft:cobbled_deepslate":77,"minecraft:acacia_planks":2,"minecraft:wheat_seeds":7,"minecraft:cooked_mutton":9,"minecraft:water_bucket":344,"minecraft:cobblestone_stairs":368,"minecraft:baked_potato":50,"toms_storage:inventory_connector":3,"minecraft:glow_ink_sac":1,"minecraft:waxed_copper_block":5,"minecraft:magenta_bed":1,"justhammers:diamond_hammer":310,"minecraft:oak_slab":7,"minecraft:crafting_table":2,"minecraft:red_bed":1,"justhammers:iron_hammer":259,"minecraft:smoker":3,"minecraft:diamond_pickaxe":1339,"minecraft:diamond_shovel":40,"minecraft:ominous_trial_key":9,"minecraft:wind_charge":40,"minecraft:oak_button":4,"betterend:iron_hammer":5,"minecraft:iron_pickaxe":377,"travelersbackpack:standard":13,"minecraft:cobblestone":412,"minecraft:potion":7,"minecraft:bucket":348,"darkenchanting:dark_enchanter":2,"mcwdoors:store_door":3,"croptopia:avocado_sapling":5},"minecraft:crafted":{"minecraft:grindstone":1,"minecraft:smooth_stone":15,"minecraft:oak_planks":40,"globalxp:xp_block":4,"minecraft:chain":22,"minecraft:cooked_chicken":11,"croptopia:toast":216,"minecraft:stone":107,"minecraft:cobblestone_stairs":328,"minecraft:diamond_shovel":1,"croptopia:avocado_sapling":3,"minecraft:bookshelf":43,"minecraft:cooked_mutton":11,"minecraft:iron_bars":48,"minecraft:mace":1,"minecraft:glass":50,"minecraft:bow":5,"minecraft:iron_boots":3,"croptopia:avocado_toast":4,"minecraft:comparator":4,"justhammers:diamond_hammer":1,"minecraft:chest":30,"minecraft:oak_button":2,"darkenchanting:table_upgrade":1,"minecraft:oak_slab":24,"travelersbackpack:iron_tier_upgrade":4,"minecraft:crafting_table":5,"travelersbackpack:standard":6,"minecraft:iron_helmet":3,"minecraft:smithing_table":1,"darkenchanting:dark_enchanter":1,"minecraft:lectern":2,"minecraft:book":9,"minecraft:paper":24,"minecraft:diamond_pickaxe":1,"minecraft:charcoal":6,"minecraft:shield":1,"minecraft:stick":176,"minecraft:stone_slab":6,"minecraft:iron_ingot":284,"minecraft:iron_pickaxe":2,"minecraft:iron_block":7,"minecraft:stone_sword":2,"toms_storage:crafting_terminal":1,"minecraft:gold_ingot":41,"minecraft:redstone_torch":12,"croptopia:knife":1,"minecraft:raw_iron":27,"minecraft:stone_shovel":2,"minecraft:iron_nugget":45,"minecraft:wind_charge":8,"minecraft:furnace":10,"minecraft:blast_furnace":5,"travelersbackpack:blank_upgrade":8,"travelersbackpack:gold_tier_upgrade":1,"minecraft:glass_pane":48,"minecraft:flint_and_steel":1,"travelersbackpack:white_sleeping_bag":4,"minecraft:leather":51,"minecraft:iron_axe":5,"minecraft:stone_pickaxe":5,"minecraft:wheat":1125,"minecraft:cooked_beef":43,"toms_storage:storage_terminal":1,"minecraft:diamond_sword":1,"toms_storage:inventory_connector":1,"minecraft:enchanting_table":2,"travelersbackpack:backpack_tank":15,"minecraft:iron_sword":1,"mcwdoors:store_door":2,"minecraft:bucket":1,"minecraft:air":0,"minecraft:bread":376,"justhammers:iron_hammer":3,"minecraft:white_wool":16,"minecraft:acacia_sign":6,"minecraft:oak_stairs":4,"minecraft:wooden_axe":2,"minecraft:iron_shovel":9,"minecraft:iron_leggings":3,"minecraft:anvil":2,"minecraft:acacia_planks":484,"minecraft:torch":160,"minecraft:diamond_chestplate":2},"minecraft:broken":{"minecraft:iron_shovel":2,"minecraft:iron_boots":1,"minecraft:stone_pickaxe":1,"minecraft:wooden_axe":1,"minecraft:stone_shovel":2,"minecraft:iron_pickaxe":1,"minecraft:iron_helmet":2},"minecraft:killed_by":{"minecraft:zombie_villager":1,"minecraft:bogged":2,"minecraft:zombie":6,"minecraft:player":3,"minecraft:skeleton":4},"minecraft:picked_up":{"minecraft:wooden_axe":3,"minecraft:iron_chestplate":7,"minecraft:wheat":7,"minecraft:anvil":1,"minecraft:flower_pot":2,"minecraft:smithing_table":2,"minecraft:stone_slab":5,"minecraft:diamond_sword":2,"minecraft:oak_stairs":2,"minecraft:acacia_pressure_plate":2,"minecraft:enchanted_book":10,"minecraft:potion":24,"minecraft:music_disc_cat":2,"minecraft:string":582,"darkenchanting:dark_enchanter":2,"minecraft:raw_copper":251,"minecraft:iron_leggings":1,"minecraft:red_candle":6,"minecraft:shroomlight":6,"minecraft:gold_nugget":8,"minecraft:cobbled_deepslate":385,"minecraft:bucket":3,"mcwlights:white_lamp":4,"minecraft:trial_key":39,"minecraft:azalea":2,"minecraft:iron_pickaxe":1,"minecraft:enchanted_golden_apple":1,"minecraft:melon_slice":57,"minecraft:iron_boots":1,"minecraft:furnace":3,"minecraft:tipped_arrow":144,"minecraft:stick":224,"minecraft:oak_fence":3,"minecraft:torch":270,"minecraft:acacia_log":277,"minecraft:porkchop":3,"minecraft:waxed_weathered_copper_bulb":6,"minecraft:waxed_copper_grate":23,"minecraft:pointed_dripstone":12,"minecraft:diorite":50,"toms_storage:inventory_connector":2,"croptopia:avocado_sapling":2,"minecraft:orange_bed":4,"minecraft:stone_sword":3,"minecraft:honey_bottle":19,"minecraft:rotten_flesh":128,"minecraft:armadillo_scute":9,"minecraft:iron_block":1,"minecraft:obsidian":24,"minecraft:snowball":3,"minecraft:cobblestone":5283,"minecraft:enchanting_table":4,"minecraft:magma_block":2,"minecraft:leather_chestplate":2,"minecraft:feather":22,"minecraft:cooked_beef":106,"minecraft:magma_cream":1,"minecraft:water_bucket":4,"minecraft:andesite":314,"minecraft:brown_wool":2,"minecraft:smoker":3,"minecraft:potato":25,"minecraft:flint":8,"minecraft:tuff":55,"minecraft:magenta_bed":1,"minecraft:map":3,"minecraft:lapis_lazuli":387,"minecraft:dirt":2201,"minecraft:name_tag":2,"minecraft:twisting_vines":1,"minecraft:leather_boots":1,"minecraft:bone":254,"minecraft:chipped_anvil":1,"minecraft:acacia_planks":62,"minecraft:bow":23,"minecraft:wheat_seeds":211,"minecraft:raw_gold":69,"minecraft:grindstone":1,"minecraft:bolt_armor_trim_smithing_template":6,"betterend:iron_hammer":9,"minecraft:guster_banner_pattern":2,"minecraft:glowstone_dust":88,"minecraft:honeycomb":9,"minecraft:oak_planks":909,"minecraft:stone_hoe":3,"minecraft:scrape_pottery_sherd":10,"minecraft:music_disc_13":2,"minecraft:waxed_oxidized_copper_bulb":1,"minecraft:axolotl_bucket":2,"minecraft:warped_wart_block":2,"minecraft:oak_pressure_plate":1,"minecraft:poisonous_potato":1,"justhammers:iron_hammer":5,"minecraft:sand":140,"minecraft:loom":1,"minecraft:mossy_cobblestone":6,"minecraft:dispenser":6,"minecraft:diamond":73,"minecraft:slime_block":4,"waystones:waystone":3,"minecraft:waxed_oxidized_copper_grate":17,"minecraft:granite":252,"minecraft:crossbow":11,"minecraft:breeze_rod":71,"minecraft:golden_apple":2,"minecraft:emerald":325,"minecraft:bread":91,"minecraft:music_disc_precipice":10,"minecraft:oak_sapling":448,"minecraft:netherrack":378,"minecraft:ominous_trial_key":16,"minecraft:diamond_pickaxe":2,"croptopia:toast":22,"minecraft:charcoal":6,"minecraft:crafting_table":2,"minecraft:splash_potion":1,"minecraft:ominous_bottle":10,"minecraft:chicken":8,"minecraft:leather_leggings":1,"minecraft:wooden_pickaxe":1,"minecraft:music_disc_creator":2,"minecraft:brick":271,"minecraft:shield":8,"minecraft:wind_charge":60,"minecraft:red_bed":1,"minecraft:flow_banner_pattern":3,"minecraft:iron_axe":12,"minecraft:flint_and_steel":1,"croptopia:avocado":14,"minecraft:beef":26,"minecraft:chiseled_tuff":7,"minecraft:poppy":7,"minecraft:sugar_cane":34,"minecraft:chest":61,"minecraft:egg":13,"minecraft:waxed_oxidized_copper":6,"minecraft:raw_iron":176,"minecraft:stone":40,"minecraft:oak_door":4,"minecraft:copper_bulb":2,"minecraft:copper_ingot":4,"minecraft:fire_charge":19,"minecraft:flow_pottery_sherd":8,"minecraft:mace":2,"minecraft:trident":2,"minecraft:carrot":9,"minecraft:redstone":124,"minecraft:tnt":1,"minecraft:arrow":302,"minecraft:stone_shovel":2,"minecraft:diamond_chestplate":3,"minecraft:decorated_pot":11,"minecraft:hay_block":154,"minecraft:gold_ingot":9,"minecraft:flow_armor_trim_smithing_template":10,"minecraft:tuff_bricks":119,"minecraft:glow_berries":12,"minecraft:mutton":19,"minecraft:white_wool":35,"minecraft:basalt":264,"minecraft:golden_carrot":20,"minecraft:glow_ink_sac":14,"minecraft:salmon":2,"minecraft:leather":114,"minecraft:red_mushroom":2,"croptopia:glowing_calamari":2,"minecraft:filled_map":1,"minecraft:waxed_copper_bulb":20,"minecraft:oak_log":1239,"minecraft:waxed_copper_block":44,"minecraft:cobblestone_wall":11,"minecraft:gunpowder":21,"minecraft:cobblestone_stairs":352,"minecraft:paper":5,"minecraft:cooked_mutton":3,"minecraft:coast_armor_trim_smithing_template":2,"minecraft:apple":41,"minecraft:stone_bricks":4,"minecraft:warped_stem":1,"minecraft:spore_blossom":1,"minecraft:heart_of_the_sea":1,"minecraft:iron_ingot":158,"minecraft:stone_pickaxe":11,"minecraft:cooked_chicken":5,"minecraft:glass_bottle":12,"minecraft:iron_sword":3,"minecraft:acacia_sapling":50,"travelersbackpack:blank_upgrade":3,"minecraft:book":60,"minecraft:oak_slab":2,"minecraft:emerald_block":8,"minecraft:chiseled_stone_bricks":4,"minecraft:raw_iron_block":3,"minecraft:heavy_core":1,"minecraft:quartz":18,"minecraft:waxed_exposed_copper_bulb":2,"mcwdoors:store_door":1,"minecraft:dripstone_block":26,"minecraft:gravel":104,"minecraft:amethyst_shard":8,"minecraft:blast_furnace":1,"minecraft:crying_obsidian":10,"minecraft:spider_eye":113,"minecraft:polished_tuff":12,"travelersbackpack:standard":1,"minecraft:slime_ball":155,"minecraft:iron_helmet":2,"minecraft:diamond_axe":6,"minecraft:warped_roots":3,"minecraft:oak_button":9,"minecraft:baked_potato":64,"minecraft:melon_seeds":12,"minecraft:black_wool":8,"minecraft:warped_nylium":1,"minecraft:coal":334,"minecraft:chiseled_tuff_bricks":11,"minecraft:ender_pearl":4},"minecraft:custom":{"minecraft:interact_with_crafting_table":98,"minecraft:open_barrel":16,"minecraft:bell_ring":3,"minecraft:eat_cake_slice":8,"minecraft:leave_game":28,"minecraft:time_since_death":140392,"minecraft:sprint_one_cm":2914068,"minecraft:damage_blocked_by_shield":2558,"minecraft:drop":213,"minecraft:talked_to_villager":39,"minecraft:play_time":1167024,"minecraft:deaths":17,"minecraft:jump":9702,"minecraft:walk_on_water_one_cm":102146,"minecraft:enchant_item":4,"minecraft:interact_with_furnace":152,"minecraft:play_record":5,"minecraft:traded_with_villager":20,"minecraft:sleep_in_bed":17,"minecraft:waystone_activated":3,"minecraft:damage_dealt":78278,"minecraft:player_kills":1,"minecraft:crouch_one_cm":55438,"minecraft:interact_with_smoker":49,"minecraft:inspect_dispenser":16,"minecraft:horse_one_cm":15835,"minecraft:interact_with_smithing_table":8,"minecraft:interact_with_anvil":3,"minecraft:mob_kills":643,"minecraft:climb_one_cm":29178,"minecraft:walk_one_cm":2141674,"minecraft:sneak_time":25187,"minecraft:walk_under_water_one_cm":35301,"minecraft:boat_one_cm":175325,"minecraft:interact_with_blast_furnace":16,"minecraft:total_world_time":1235444,"minecraft:gravestones_collected":16,"minecraft:interact_with_grindstone":3,"minecraft:time_since_rest":45747,"minecraft:damage_taken":20207,"minecraft:damage_absorbed":40,"minecraft:swim_one_cm":42479,"minecraft:fly_one_cm":2039449,"minecraft:open_chest":435,"minecraft:fall_one_cm":293715},"minecraft:dropped":{"minecraft:iron_sword":1,"minecraft:ominous_bottle":1,"minecraft:cooked_beef":90,"minecraft:oak_log":366,"minecraft:diamond":27,"minecraft:leather":16,"travelersbackpack:iron_tier_upgrade":3,"travelersbackpack:standard":3,"minecraft:heavy_core":1,"minecraft:cobblestone_stairs":1,"minecraft:dirt":1,"betterend:iron_hammer":1,"minecraft:mace":2,"minecraft:dispenser":2,"minecraft:scrape_pottery_sherd":2,"minecraft:music_disc_precipice":1,"minecraft:snowball":6,"minecraft:chain":22,"minecraft:gold_nugget":1,"minecraft:copper_bulb":2,"minecraft:white_wool":6,"minecraft:bone":4,"croptopia:toast":117,"minecraft:chiseled_tuff_bricks":1,"minecraft:cobbled_deepslate":5,"minecraft:pointed_dripstone":4,"minecraft:rotten_flesh":32,"minecraft:cooked_mutton":2,"justhammers:iron_hammer":1,"minecraft:waxed_copper_block":2,"minecraft:wind_charge":2,"minecraft:leather_chestplate":1,"minecraft:tipped_arrow":33,"croptopia:avocado":4,"minecraft:leather_boots":2,"minecraft:breeze_rod":13,"globalxp:xp_block":3,"minecraft:arrow":12,"minecraft:beef":6,"minecraft:water_bucket":1,"minecraft:stone_hoe":2,"minecraft:iron_ingot":30,"minecraft:bread":87,"minecraft:wheat_seeds":7,"minecraft:smithing_table":1,"minecraft:cobblestone":81,"minecraft:waxed_copper_grate":8,"minecraft:polished_tuff":8,"minecraft:ominous_trial_key":7,"minecraft:acacia_log":28,"minecraft:coal":62,"minecraft:flow_armor_trim_smithing_template":3,"minecraft:stick":2,"minecraft:torch":73,"minecraft:waxed_weathered_copper_bulb":3,"minecraft:wooden_axe":4,"minecraft:waxed_copper_bulb":2,"minecraft:waxed_oxidized_copper":1,"minecraft:iron_leggings":2,"minecraft:armadillo_scute":3,"minecraft:string":51,"minecraft:acacia_planks":71,"minecraft:tuff_bricks":15,"minecraft:stone_sword":3,"minecraft:raw_copper":2,"minecraft:guster_banner_pattern":1,"minecraft:raw_iron":1,"minecraft:stone_shovel":2,"minecraft:chicken":23,"minecraft:iron_boots":1,"minecraft:name_tag":1,"minecraft:filled_map":1,"minecraft:oak_button":5,"minecraft:trial_key":20,"minecraft:diamond_chestplate":1,"minecraft:andesite":3,"minecraft:oak_sapling":68,"minecraft:spider_eye":3,"minecraft:bow":3,"minecraft:stone_pickaxe":8,"waystones:waystone":1,"minecraft:black_wool":2,"minecraft:waxed_oxidized_copper_grate":5},"minecraft:mined":{"minecraft:attached_melon_stem":1,"minecraft:oak_sapling":12,"minecraft:farmland":28,"minecraft:cobblestone_stairs":100,"darkenchanting:dark_enchanter":2,"minecraft:obsidian":15,"minecraft:granite":18,"minecraft:acacia_log":154,"minecraft:grass_block":1134,"minecraft:chiseled_tuff_bricks":7,"minecraft:tuff_bricks":81,"minecraft:spawner":1,"minecraft:raw_iron_block":3,"minecraft:magma_block":2,"minecraft:glowstone":1,"minecraft:iron_ore":73,"minecraft:fire":33,"minecraft:cobbled_deepslate":32,"minecraft:polished_tuff":6,"minecraft:anvil":1,"minecraft:deepslate_lapis_ore":13,"minecraft:pointed_dripstone":1,"minecraft:dirt_path":3,"minecraft:oak_stairs":2,"minecraft:orange_bed":4,"minecraft:deepslate_redstone_ore":15,"toms_storage:inventory_connector":2,"mcwlights:white_lamp":1,"minecraft:red_bed":1,"minecraft:melon_stem":1,"minecraft:smoker":3,"minecraft:powder_snow":1,"minecraft:torch":33,"minecraft:blast_furnace":1,"minecraft:poppy":1,"minecraft:melon":1,"minecraft:chest":55,"minecraft:glass":9,"minecraft:nether_quartz_ore":8,"minecraft:cobblestone":79,"minecraft:slime_block":2,"minecraft:oak_planks":56,"minecraft:sugar_cane":8,"minecraft:wall_torch":11,"minecraft:waxed_copper_bulb":5,"minecraft:red_candle":1,"minecraft:warped_nylium":20,"minecraft:wheat":10,"minecraft:waxed_copper_block":27,"croptopia:avocado_crop":7,"minecraft:oak_log":982,"minecraft:waxed_oxidized_copper":2,"minecraft:loom":1,"minecraft:sand":135,"minecraft:dirt":812,"minecraft:dispenser":2,"minecraft:netherrack":80,"minecraft:oak_leaves":2,"minecraft:deepslate":210,"minecraft:crying_obsidian":2,"minecraft:tuff":26,"minecraft:mossy_cobblestone":3,"minecraft:deepslate_diamond_ore":39,"minecraft:oak_door":3,"minecraft:decorated_pot":28,"travelersbackpack:white_sleeping_bag":1,"minecraft:red_mushroom":1,"minecraft:hay_block":58,"minecraft:redstone_ore":12,"minecraft:furnace":3,"minecraft:nether_sprouts":1,"minecraft:waxed_copper_grate":8,"minecraft:andesite":28,"minecraft:chiseled_tuff":1,"minecraft:bookshelf":5,"minecraft:potatoes":20,"minecraft:shroomlight":5,"minecraft:deepslate_iron_ore":99,"minecraft:waxed_weathered_copper_bulb":3,"minecraft:stone":1192,"croptopia:avocado_sapling":2,"minecraft:oak_slab":3,"minecraft:basalt":57,"easymagic:enchanting_table":4,"minecraft:crafting_table":2,"minecraft:short_grass":466,"minecraft:warped_roots":3,"minecraft:copper_ore":16,"minecraft:tall_grass":16,"minecraft:deepslate_coal_ore":19,"minecraft:lapis_ore":6,"minecraft:deepslate_gold_ore":15,"minecraft:diorite":6,"minecraft:warped_wart_block":1,"minecraft:waxed_oxidized_copper_grate":5,"minecraft:coal_ore":93,"minecraft:flower_pot":2,"minecraft:gravel":33,"minecraft:dripstone_block":13,"minecraft:cobweb":98,"minecraft:acacia_planks":1,"minecraft:oak_button":2,"minecraft:gold_ore":8,"minecraft:chipped_anvil":1},"minecraft:killed":{"minecraft:zombified_piglin":4,"minecraft:spider":171,"minecraft:skeleton":28,"minecraft:chicken":2,"minecraft:silverfish":48,"creeperoverhaul:cave_creeper":2,"minecraft:magma_cube":5,"minecraft:pig":1,"minecraft:zombie_villager":6,"minecraft:iron_golem":1,"minecraft:sheep":10,"minecraft:zombie":95,"minecraft:stray":36,"minecraft:cow":16,"minecraft:bogged":41,"minecraft:slime":134,"minecraft:phantom":1,"minecraft:breeze":25,"minecraft:player":1,"minecraft:enderman":5}},"DataVersion":3953}