{"stats":{"minecraft:picked_up":{"minecraft:wheat":5,"travelersbackpack:bat":1,"minecraft:diamond_sword":1,"minecraft:potion":1,"minecraft:enchanted_book":1,"minecraft:amethyst_block":3,"minecraft:string":229,"minecraft:raw_copper":2,"minecraft:shroomlight":1,"minecraft:cobbled_deepslate":187,"minecraft:trial_key":6,"minecraft:azalea":2,"minecraft:calcite":3,"minecraft:iron_pickaxe":1,"minecraft:enchanted_golden_apple":1,"minecraft:melon_slice":52,"minecraft:furnace":1,"minecraft:tipped_arrow":9,"minecraft:stick":192,"minecraft:acacia_fence":1,"minecraft:oak_fence":3,"minecraft:torch":123,"minecraft:acacia_log":139,"travelersbackpack:iron_tier_upgrade":1,"minecraft:porkchop":33,"minecraft:waxed_copper_grate":4,"minecraft:diorite":8,"croptopia:fig":1,"croptopia:date":1,"minecraft:stone_sword":4,"minecraft:honey_bottle":5,"minecraft:rotten_flesh":81,"minecraft:armadillo_scute":5,"minecraft:obsidian":6,"minecraft:cobblestone":232,"minecraft:leather_chestplate":1,"minecraft:feather":43,"minecraft:cooked_beef":2,"minecraft:water_bucket":2,"minecraft:andesite":1,"minecraft:smoker":1,"minecraft:potato":120,"minecraft:tuff":34,"minecraft:lapis_lazuli":111,"minecraft:dirt":49,"minecraft:name_tag":1,"minecraft:bone":63,"minecraft:acacia_planks":64,"minecraft:bow":3,"minecraft:wheat_seeds":55,"minecraft:raw_gold":112,"minecraft:bolt_armor_trim_smithing_template":2,"minecraft:guster_banner_pattern":1,"minecraft:glowstone_dust":85,"minecraft:oak_planks":2,"minecraft:poisonous_potato":1,"minecraft:diamond":64,"waystones:waystone":3,"minecraft:waxed_oxidized_copper_grate":5,"minecraft:crossbow":1,"minecraft:breeze_rod":4,"minecraft:emerald":16,"minecraft:bread":19,"minecraft:music_disc_precipice":2,"minecraft:oak_sapling":171,"minecraft:netherrack":6,"minecraft:ominous_trial_key":2,"minecraft:waxed_oxidized_cut_copper":1,"minecraft:crafting_table":2,"minecraft:ominous_bottle":2,"minecraft:chicken":61,"minecraft:clay_ball":8,"minecraft:chest_minecart":1,"minecraft:wooden_pickaxe":2,"minecraft:gold_block":1,"minecraft:music_disc_creator":1,"minecraft:brick":8,"croptopia:kumquat":1,"minecraft:shield":2,"minecraft:wind_charge":13,"minecraft:iron_axe":1,"minecraft:beef":109,"croptopia:coconut":2,"globalxp:xp_block":1,"minecraft:waxed_oxidized_copper":1,"minecraft:egg":14,"minecraft:raw_iron":330,"minecraft:oak_door":1,"minecraft:carrot":1,"croptopia:banana":2,"minecraft:waxed_oxidized_chiseled_copper":1,"minecraft:arrow":82,"minecraft:hay_block":125,"minecraft:flow_armor_trim_smithing_template":1,"minecraft:tuff_bricks":2,"minecraft:glow_berries":12,"minecraft:mutton":17,"minecraft:white_wool":8,"minecraft:rail":8,"minecraft:stripped_oak_log":1,"minecraft:basalt":2,"minecraft:golden_carrot":1,"minecraft:glow_ink_sac":10,"minecraft:leather":48,"croptopia:glowing_calamari":2,"minecraft:oak_log":365,"minecraft:waxed_copper_block":4,"minecraft:gunpowder":2,"minecraft:cooked_mutton":3,"minecraft:apple":12,"minecraft:spore_blossom":1,"minecraft:iron_ingot":4,"minecraft:stone_pickaxe":5,"minecraft:cooked_chicken":2,"minecraft:glass_bottle":1,"minecraft:iron_sword":6,"minecraft:acacia_sapling":71,"minecraft:smooth_basalt":3,"minecraft:emerald_block":1,"minecraft:raw_iron_block":9,"minecraft:dripstone_block":2,"minecraft:amethyst_shard":8,"minecraft:crying_obsidian":3,"minecraft:spider_eye":34,"travelersbackpack:standard":2,"minecraft:slime_ball":22,"minecraft:warped_roots":8,"minecraft:baked_potato":26,"minecraft:black_wool":2,"minecraft:coal":224,"minecraft:ender_pearl":2},"minecraft:crafted":{"minecraft:smooth_stone":3,"minecraft:cooked_chicken":25,"croptopia:toast":95,"minecraft:stone":3,"minecraft:cooked_mutton":6,"minecraft:diamond_helmet":1,"minecraft:diamond_leggings":1,"minecraft:bow":1,"minecraft:iron_boots":2,"minecraft:melon_seeds":2,"minecraft:stone_hoe":1,"minecraft:smoker":3,"minecraft:acacia_wood":3,"minecraft:cooked_porkchop":33,"minecraft:crafting_table":3,"travelersbackpack:standard":1,"minecraft:baked_potato":67,"minecraft:wooden_pickaxe":2,"minecraft:iron_helmet":2,"minecraft:iron_chestplate":1,"minecraft:charcoal":13,"minecraft:diamond_pickaxe":1,"minecraft:stick":16,"minecraft:leather_chestplate":1,"minecraft:iron_ingot":247,"minecraft:iron_pickaxe":9,"minecraft:stone_sword":4,"minecraft:gold_ingot":41,"minecraft:wooden_sword":2,"minecraft:raw_iron":77,"minecraft:stone_shovel":1,"minecraft:furnace":8,"minecraft:blast_furnace":1,"minecraft:bone_meal":66,"minecraft:iron_axe":2,"minecraft:stone_pickaxe":5,"minecraft:diamond_boots":1,"minecraft:wheat":315,"minecraft:cooked_beef":57,"minecraft:diamond_sword":1,"minecraft:iron_sword":5,"minecraft:bucket":3,"minecraft:stone_axe":1,"minecraft:bread":105,"minecraft:air":0,"minecraft:wooden_axe":2,"minecraft:iron_leggings":2,"minecraft:acacia_planks":40,"minecraft:torch":194,"minecraft:diamond_chestplate":1},"minecraft:used":{"minecraft:shield":94,"minecraft:iron_sword":959,"minecraft:rotten_flesh":3,"minecraft:acacia_sapling":5,"minecraft:tuff":15,"minecraft:lava_bucket":1,"minecraft:bow":18,"minecraft:ominous_bottle":1,"minecraft:furnace":5,"minecraft:oak_sapling":166,"minecraft:acacia_fence":1,"minecraft:egg":15,"minecraft:potato":53,"croptopia:coconut":2,"minecraft:stone_pickaxe":488,"minecraft:wooden_pickaxe":86,"minecraft:glow_berries":6,"minecraft:blast_furnace":1,"minecraft:crossbow":2,"minecraft:melon_slice":9,"minecraft:bread":94,"croptopia:toast":12,"minecraft:wooden_sword":80,"minecraft:bone_meal":66,"minecraft:stone_sword":510,"minecraft:acacia_log":2,"croptopia:fig":1,"travelersbackpack:bat":2,"minecraft:trial_key":6,"minecraft:cooked_chicken":2,"minecraft:stone_hoe":38,"minecraft:netherrack":6,"minecraft:torch":239,"minecraft:dirt":112,"minecraft:wooden_axe":128,"minecraft:iron_axe":360,"minecraft:melon_seeds":2,"minecraft:basalt":2,"minecraft:cooked_beef":6,"minecraft:acacia_planks":12,"minecraft:cobbled_deepslate":164,"minecraft:wheat_seeds":9,"minecraft:cooked_mutton":6,"minecraft:water_bucket":10,"minecraft:baked_potato":92,"minecraft:waxed_oxidized_cut_copper":1,"minecraft:crafting_table":5,"justhammers:iron_hammer":1,"minecraft:smoker":4,"minecraft:oak_log":4,"minecraft:diamond_pickaxe":12,"minecraft:ominous_trial_key":2,"minecraft:wind_charge":1,"minecraft:iron_pickaxe":683,"minecraft:stone_axe":163,"minecraft:cobblestone":46,"travelersbackpack:standard":19,"croptopia:banana":2,"minecraft:cooked_porkchop":1,"minecraft:bucket":16,"minecraft:stripped_oak_log":1},"minecraft:custom":{"minecraft:interact_with_crafting_table":90,"minecraft:open_barrel":3,"minecraft:leave_game":10,"minecraft:time_since_death":70683,"minecraft:sprint_one_cm":1971148,"minecraft:damage_blocked_by_shield":2135,"minecraft:drop":122,"minecraft:talked_to_villager":8,"minecraft:play_time":592225,"minecraft:deaths":10,"minecraft:jump":6741,"minecraft:walk_on_water_one_cm":44125,"minecraft:interact_with_furnace":160,"minecraft:play_record":4,"minecraft:sleep_in_bed":1,"minecraft:waystone_activated":2,"minecraft:damage_dealt":54518,"minecraft:crouch_one_cm":20375,"minecraft:interact_with_smoker":69,"minecraft:inspect_dispenser":18,"minecraft:horse_one_cm":85016,"minecraft:interact_with_smithing_table":1,"minecraft:mob_kills":399,"minecraft:climb_one_cm":16129,"minecraft:walk_one_cm":2000377,"minecraft:sneak_time":7181,"minecraft:walk_under_water_one_cm":18273,"minecraft:interact_with_blast_furnace":19,"minecraft:total_world_time":592225,"minecraft:gravestones_collected":9,"minecraft:interact_with_grindstone":1,"minecraft:time_since_rest":70740,"minecraft:damage_taken":12097,"minecraft:swim_one_cm":2199,"minecraft:fly_one_cm":1385945,"minecraft:open_chest":174,"minecraft:fall_one_cm":199821},"minecraft:broken":{"minecraft:iron_boots":1,"minecraft:stone_axe":1,"minecraft:iron_sword":2,"minecraft:wooden_axe":1,"minecraft:stone_sword":3,"minecraft:wooden_pickaxe":1,"minecraft:iron_helmet":1},"minecraft:dropped":{"minecraft:iron_sword":3,"minecraft:cooked_beef":13,"minecraft:oak_log":207,"minecraft:baked_potato":1,"minecraft:diamond":22,"minecraft:spore_blossom":1,"minecraft:glow_berries":12,"minecraft:warped_roots":8,"minecraft:leather":20,"minecraft:chest_minecart":1,"minecraft:rail":7,"croptopia:kumquat":1,"minecraft:waxed_oxidized_chiseled_copper":1,"minecraft:iron_pickaxe":1,"minecraft:oak_door":1,"minecraft:cobbled_deepslate":6,"minecraft:obsidian":6,"minecraft:rotten_flesh":40,"minecraft:waxed_copper_block":4,"minecraft:leather_chestplate":2,"minecraft:gunpowder":2,"minecraft:azalea":2,"minecraft:acacia_sapling":36,"minecraft:beef":10,"minecraft:crying_obsidian":3,"minecraft:water_bucket":1,"minecraft:iron_ingot":48,"minecraft:wheat_seeds":34,"minecraft:dripstone_block":2,"minecraft:feather":35,"minecraft:cobblestone":24,"minecraft:waxed_copper_grate":4,"minecraft:acacia_log":90,"minecraft:coal":12,"minecraft:milk_bucket":1,"minecraft:diorite":8,"minecraft:torch":2,"minecraft:waxed_oxidized_copper":1,"minecraft:armadillo_scute":1,"minecraft:string":127,"minecraft:bucket":1,"minecraft:smooth_basalt":3,"croptopia:date":1,"minecraft:tuff_bricks":2,"minecraft:stone_sword":4,"minecraft:raw_copper":2,"minecraft:tuff":7,"minecraft:clay_ball":8,"minecraft:name_tag":1,"minecraft:hay_block":90,"minecraft:andesite":1,"minecraft:oak_sapling":4,"minecraft:spider_eye":28,"minecraft:bow":1,"minecraft:stone_pickaxe":2,"minecraft:wooden_pickaxe":1,"waystones:waystone":3,"minecraft:calcite":3,"minecraft:waxed_oxidized_copper_grate":5,"minecraft:brick":8},"minecraft:killed_by":{"minecraft:cave_spider":1,"minecraft:zombie":4,"minecraft:stray":1,"minecraft:skeleton":3},"minecraft:killed":{"minecraft:cave_spider":8,"minecraft:spider":80,"minecraft:skeleton":49,"minecraft:chicken":37,"creeperoverhaul:jungle_creeper":1,"creeperoverhaul:cave_creeper":1,"minecraft:magma_cube":1,"minecraft:pig":17,"minecraft:zombie_villager":1,"minecraft:sheep":8,"minecraft:zombie":102,"minecraft:stray":11,"minecraft:cow":39,"minecraft:slime":29,"minecraft:breeze":4,"creeperoverhaul:savannah_creeper":1,"minecraft:enderman":4},"minecraft:mined":{"minecraft:farmland":7,"minecraft:obsidian":7,"minecraft:acacia_log":149,"minecraft:grass_block":15,"minecraft:tuff_bricks":1,"minecraft:spawner":2,"minecraft:raw_iron_block":9,"minecraft:glowstone":29,"minecraft:iron_ore":78,"minecraft:cobbled_deepslate":21,"minecraft:fire":24,"croptopia:date_crop":1,"minecraft:deepslate_lapis_ore":12,"minecraft:cave_vines":2,"croptopia:kumquat_crop":1,"minecraft:azalea":2,"minecraft:smoker":1,"minecraft:amethyst_cluster":2,"minecraft:clay":2,"minecraft:torch":21,"minecraft:calcite":3,"minecraft:melon":7,"minecraft:cobblestone":29,"minecraft:wall_torch":42,"minecraft:amethyst_block":3,"minecraft:warped_nylium":5,"minecraft:wheat":6,"minecraft:waxed_copper_block":4,"minecraft:oak_log":367,"minecraft:acacia_fence":1,"minecraft:dirt":27,"minecraft:smooth_basalt":3,"minecraft:netherrack":2,"minecraft:oak_leaves":18,"minecraft:deepslate":168,"minecraft:crying_obsidian":3,"minecraft:tuff":35,"minecraft:deepslate_diamond_ore":51,"minecraft:decorated_pot":3,"minecraft:hay_block":126,"travelersbackpack:bat":1,"minecraft:spore_blossom":1,"minecraft:furnace":1,"croptopia:fig_crop":1,"minecraft:waxed_copper_grate":4,"minecraft:andesite":1,"minecraft:gold_block":1,"minecraft:potatoes":33,"minecraft:deepslate_iron_ore":256,"minecraft:shroomlight":1,"minecraft:vine":1,"minecraft:rail":2,"minecraft:stripped_oak_log":1,"minecraft:stone":170,"croptopia:coconut_crop":2,"minecraft:acacia_leaves":1,"minecraft:basalt":2,"travelersbackpack:standard":1,"minecraft:crafting_table":2,"minecraft:short_grass":205,"minecraft:warped_roots":1,"minecraft:tall_grass":15,"minecraft:lapis_ore":5,"minecraft:deepslate_gold_ore":99,"croptopia:banana_crop":2,"minecraft:diorite":8,"minecraft:coal_ore":221,"minecraft:cobweb":71,"minecraft:gold_ore":13}},"DataVersion":3953}