{"stats":{"minecraft:killed_by":{"minecraft:cave_spider":1,"minecraft:zombie":4,"minecraft:stray":1,"minecraft:skeleton":3},"minecraft:used":{"minecraft:shield":151,"minecraft:iron_sword":1117,"minecraft:rotten_flesh":3,"minecraft:acacia_sapling":5,"minecraft:tuff":15,"minecraft:lava_bucket":1,"minecraft:bow":19,"minecraft:ominous_bottle":1,"minecraft:oak_sapling":166,"minecraft:furnace":5,"minecraft:acacia_fence":1,"minecraft:egg":18,"minecraft:potato":53,"croptopia:coconut":2,"minecraft:stone_pickaxe":488,"minecraft:wooden_pickaxe":86,"minecraft:glow_berries":6,"minecraft:blast_furnace":1,"minecraft:crossbow":7,"minecraft:melon_slice":9,"minecraft:bread":94,"croptopia:toast":35,"minecraft:diamond_sword":96,"minecraft:wooden_sword":80,"globalxp:xp_block":1,"minecraft:bone_meal":66,"minecraft:stone_sword":510,"minecraft:acacia_log":2,"croptopia:fig":1,"travelersbackpack:bat":2,"minecraft:trial_key":6,"minecraft:cooked_chicken":2,"minecraft:stone_hoe":38,"minecraft:netherrack":6,"minecraft:torch":239,"minecraft:dirt":112,"minecraft:wooden_axe":128,"minecraft:iron_axe":360,"minecraft:melon_seeds":2,"minecraft:basalt":2,"minecraft:cooked_beef":6,"minecraft:cobbled_deepslate":179,"minecraft:acacia_planks":12,"minecraft:wheat_seeds":9,"minecraft:cooked_mutton":6,"minecraft:water_bucket":23,"minecraft:baked_potato":92,"minecraft:waxed_oxidized_cut_copper":1,"minecraft:crafting_table":5,"justhammers:iron_hammer":1,"minecraft:smoker":4,"minecraft:oak_log":4,"minecraft:diamond_pickaxe":12,"minecraft:ominous_trial_key":2,"minecraft:wind_charge":10,"minecraft:iron_pickaxe":1370,"minecraft:stone_axe":163,"minecraft:cobblestone":65,"travelersbackpack:standard":24,"croptopia:banana":2,"minecraft:cooked_porkchop":1,"minecraft:bucket":29,"minecraft:stripped_oak_log":1},"minecraft:picked_up":{"minecraft:wheat":6,"travelersbackpack:bat":1,"minecraft:diamond_sword":1,"minecraft:potion":1,"minecraft:enchanted_book":1,"minecraft:amethyst_block":3,"minecraft:string":233,"minecraft:raw_copper":2,"minecraft:shroomlight":1,"minecraft:cobbled_deepslate":224,"minecraft:trial_key":6,"minecraft:calcite":3,"minecraft:azalea":2,"minecraft:iron_pickaxe":1,"minecraft:enchanted_golden_apple":1,"minecraft:melon_slice":52,"minecraft:furnace":1,"minecraft:tipped_arrow":9,"minecraft:stick":192,"minecraft:acacia_fence":1,"minecraft:oak_fence":3,"minecraft:torch":123,"minecraft:acacia_log":139,"travelersbackpack:iron_tier_upgrade":1,"minecraft:porkchop":33,"minecraft:waxed_copper_grate":4,"minecraft:diorite":8,"croptopia:fig":1,"croptopia:date":1,"minecraft:stone_sword":4,"minecraft:honey_bottle":5,"minecraft:rotten_flesh":107,"minecraft:armadillo_scute":7,"minecraft:obsidian":6,"minecraft:cobblestone":327,"minecraft:leather_chestplate":1,"minecraft:feather":43,"minecraft:cooked_beef":2,"minecraft:water_bucket":2,"minecraft:andesite":2,"minecraft:smoker":1,"minecraft:potato":122,"minecraft:tuff":34,"minecraft:lapis_lazuli":111,"minecraft:dirt":55,"minecraft:name_tag":1,"minecraft:bone":86,"minecraft:acacia_planks":64,"minecraft:bow":5,"minecraft:wheat_seeds":59,"minecraft:raw_gold":150,"minecraft:bolt_armor_trim_smithing_template":2,"minecraft:guster_banner_pattern":1,"minecraft:glowstone_dust":85,"minecraft:oak_planks":2,"minecraft:poisonous_potato":1,"minecraft:diamond":69,"waystones:waystone":3,"minecraft:waxed_oxidized_copper_grate":5,"minecraft:granite":11,"minecraft:crossbow":5,"minecraft:breeze_rod":4,"minecraft:emerald":16,"minecraft:bread":19,"minecraft:music_disc_precipice":2,"minecraft:oak_sapling":171,"minecraft:netherrack":6,"minecraft:ominous_trial_key":2,"minecraft:waxed_oxidized_cut_copper":1,"minecraft:crafting_table":2,"minecraft:ominous_bottle":2,"minecraft:chicken":61,"minecraft:clay_ball":8,"minecraft:chest_minecart":1,"minecraft:wooden_pickaxe":2,"minecraft:gold_block":1,"minecraft:music_disc_creator":1,"minecraft:brick":8,"croptopia:kumquat":1,"minecraft:shield":2,"minecraft:wind_charge":13,"minecraft:iron_axe":1,"minecraft:beef":109,"croptopia:coconut":2,"globalxp:xp_block":1,"minecraft:waxed_oxidized_copper":1,"minecraft:egg":15,"minecraft:raw_iron":498,"minecraft:oak_door":1,"minecraft:carrot":1,"croptopia:banana":2,"minecraft:waxed_oxidized_chiseled_copper":1,"minecraft:arrow":101,"minecraft:hay_block":125,"minecraft:flow_armor_trim_smithing_template":1,"minecraft:tuff_bricks":2,"minecraft:glow_berries":12,"minecraft:mutton":17,"minecraft:rail":8,"minecraft:white_wool":8,"minecraft:stripped_oak_log":1,"minecraft:basalt":2,"minecraft:golden_carrot":1,"minecraft:glow_ink_sac":13,"minecraft:leather":48,"croptopia:glowing_calamari":7,"minecraft:oak_log":365,"minecraft:waxed_copper_block":4,"minecraft:gunpowder":2,"minecraft:white_banner":1,"minecraft:cooked_mutton":3,"minecraft:apple":12,"minecraft:spore_blossom":1,"minecraft:iron_ingot":5,"minecraft:stone_pickaxe":5,"minecraft:cooked_chicken":2,"minecraft:glass_bottle":1,"minecraft:iron_sword":7,"minecraft:acacia_sapling":71,"minecraft:smooth_basalt":3,"minecraft:emerald_block":1,"minecraft:raw_iron_block":9,"minecraft:dripstone_block":2,"minecraft:amethyst_shard":12,"minecraft:crying_obsidian":3,"minecraft:spider_eye":34,"travelersbackpack:standard":2,"minecraft:slime_ball":22,"minecraft:warped_roots":8,"minecraft:baked_potato":26,"minecraft:black_wool":2,"minecraft:coal":545,"minecraft:ender_pearl":2},"minecraft:broken":{"minecraft:iron_boots":1,"minecraft:stone_axe":1,"minecraft:iron_sword":3,"minecraft:wooden_axe":1,"minecraft:stone_sword":3,"minecraft:wooden_pickaxe":1,"minecraft:iron_pickaxe":2,"minecraft:iron_helmet":1},"minecraft:mined":{"minecraft:farmland":7,"minecraft:obsidian":7,"minecraft:granite":11,"minecraft:acacia_log":149,"minecraft:grass_block":18,"minecraft:tuff_bricks":1,"minecraft:spawner":2,"minecraft:raw_iron_block":9,"minecraft:glowstone":29,"minecraft:iron_ore":175,"minecraft:cobbled_deepslate":27,"minecraft:fire":24,"croptopia:date_crop":1,"minecraft:deepslate_lapis_ore":12,"minecraft:cave_vines":2,"croptopia:kumquat_crop":1,"minecraft:azalea":2,"minecraft:smoker":1,"minecraft:amethyst_cluster":3,"minecraft:clay":2,"minecraft:torch":21,"minecraft:calcite":3,"minecraft:melon":7,"minecraft:cobblestone":35,"minecraft:wall_torch":42,"minecraft:amethyst_block":3,"minecraft:warped_nylium":5,"minecraft:wheat":6,"minecraft:waxed_copper_block":4,"minecraft:oak_log":367,"minecraft:acacia_fence":1,"minecraft:dirt":30,"minecraft:smooth_basalt":3,"minecraft:netherrack":2,"minecraft:oak_leaves":18,"minecraft:deepslate":199,"minecraft:crying_obsidian":3,"minecraft:tuff":35,"minecraft:deepslate_diamond_ore":56,"minecraft:decorated_pot":3,"minecraft:hay_block":126,"travelersbackpack:bat":1,"minecraft:spore_blossom":1,"minecraft:furnace":1,"croptopia:fig_crop":1,"minecraft:waxed_copper_grate":4,"minecraft:andesite":2,"minecraft:gold_block":1,"minecraft:potatoes":33,"minecraft:deepslate_iron_ore":328,"minecraft:shroomlight":1,"minecraft:vine":1,"minecraft:rail":2,"minecraft:stripped_oak_log":1,"minecraft:stone":256,"croptopia:coconut_crop":2,"minecraft:acacia_leaves":1,"minecraft:basalt":2,"travelersbackpack:standard":1,"minecraft:crafting_table":2,"minecraft:short_grass":222,"minecraft:warped_roots":1,"minecraft:tall_grass":16,"minecraft:deepslate_coal_ore":19,"minecraft:lapis_ore":5,"minecraft:deepslate_gold_ore":130,"croptopia:banana_crop":2,"minecraft:diorite":8,"minecraft:coal_ore":529,"minecraft:cobweb":74,"minecraft:gold_ore":20},"minecraft:killed":{"minecraft:cave_spider":8,"minecraft:witch":1,"minecraft:spider":82,"minecraft:skeleton":62,"minecraft:chicken":37,"creeperoverhaul:jungle_creeper":1,"creeperoverhaul:cave_creeper":1,"minecraft:magma_cube":1,"minecraft:pig":17,"minecraft:zombie_villager":1,"minecraft:sheep":8,"minecraft:pillager":8,"minecraft:zombie":131,"minecraft:stray":11,"minecraft:cow":39,"minecraft:armadillo":1,"minecraft:slime":29,"minecraft:breeze":4,"creeperoverhaul:savannah_creeper":1,"minecraft:enderman":4},"minecraft:crafted":{"minecraft:smooth_stone":3,"minecraft:cooked_chicken":25,"croptopia:toast":95,"minecraft:stone":3,"minecraft:cooked_mutton":6,"minecraft:bow":1,"minecraft:diamond_helmet":1,"minecraft:diamond_leggings":1,"minecraft:iron_boots":2,"minecraft:melon_seeds":2,"minecraft:stone_hoe":1,"minecraft:smoker":3,"minecraft:acacia_wood":3,"minecraft:cooked_porkchop":33,"minecraft:crafting_table":3,"minecraft:iron_helmet":2,"minecraft:baked_potato":67,"minecraft:wooden_pickaxe":2,"travelersbackpack:standard":1,"minecraft:iron_chestplate":1,"minecraft:diamond_pickaxe":1,"minecraft:charcoal":13,"minecraft:stick":16,"minecraft:leather_chestplate":1,"minecraft:iron_ingot":345,"minecraft:iron_pickaxe":9,"minecraft:stone_sword":4,"minecraft:gold_ingot":77,"minecraft:wooden_sword":2,"minecraft:raw_iron":77,"minecraft:stone_shovel":1,"minecraft:furnace":8,"minecraft:blast_furnace":1,"minecraft:bone_meal":66,"minecraft:iron_axe":2,"minecraft:stone_pickaxe":5,"minecraft:diamond_boots":1,"minecraft:wheat":315,"minecraft:cooked_beef":57,"minecraft:diamond_sword":1,"minecraft:iron_sword":5,"minecraft:bucket":3,"minecraft:stone_axe":1,"minecraft:bread":105,"minecraft:air":0,"minecraft:wooden_axe":2,"minecraft:iron_leggings":2,"minecraft:acacia_planks":40,"minecraft:torch":194,"minecraft:diamond_chestplate":1},"minecraft:custom":{"minecraft:interact_with_crafting_table":90,"minecraft:open_barrel":3,"minecraft:bell_ring":27,"minecraft:leave_game":12,"minecraft:time_since_death":167243,"minecraft:sprint_one_cm":2364076,"minecraft:damage_blocked_by_shield":3865,"minecraft:drop":128,"minecraft:talked_to_villager":11,"minecraft:play_time":688785,"minecraft:deaths":10,"minecraft:jump":8114,"minecraft:walk_on_water_one_cm":70387,"minecraft:interact_with_furnace":160,"minecraft:play_record":4,"minecraft:sleep_in_bed":3,"minecraft:waystone_activated":2,"minecraft:damage_dealt":65273,"minecraft:crouch_one_cm":26031,"minecraft:interact_with_smoker":69,"minecraft:inspect_dispenser":18,"minecraft:horse_one_cm":85016,"minecraft:interact_with_smithing_table":1,"minecraft:mob_kills":456,"minecraft:climb_one_cm":16129,"minecraft:walk_one_cm":2348839,"minecraft:raid_win":1,"minecraft:sneak_time":10268,"minecraft:walk_under_water_one_cm":28723,"minecraft:interact_with_blast_furnace":45,"minecraft:total_world_time":688785,"minecraft:gravestones_collected":9,"minecraft:interact_with_grindstone":1,"minecraft:time_since_rest":51007,"minecraft:damage_taken":13221,"minecraft:swim_one_cm":2199,"minecraft:fly_one_cm":1652244,"minecraft:open_chest":180,"minecraft:fall_one_cm":226875},"minecraft:dropped":{"minecraft:iron_sword":4,"minecraft:cooked_beef":13,"minecraft:oak_log":207,"minecraft:baked_potato":1,"minecraft:diamond":22,"minecraft:spore_blossom":1,"minecraft:glow_berries":12,"minecraft:warped_roots":8,"minecraft:leather":20,"minecraft:chest_minecart":1,"minecraft:rail":7,"croptopia:kumquat":1,"minecraft:waxed_oxidized_chiseled_copper":1,"minecraft:amethyst_shard":4,"minecraft:iron_pickaxe":1,"minecraft:oak_door":1,"minecraft:cobbled_deepslate":6,"minecraft:obsidian":6,"minecraft:rotten_flesh":40,"minecraft:waxed_copper_block":4,"minecraft:leather_chestplate":2,"minecraft:gunpowder":2,"minecraft:azalea":2,"minecraft:acacia_sapling":36,"minecraft:beef":10,"minecraft:crying_obsidian":3,"minecraft:water_bucket":1,"minecraft:iron_ingot":117,"minecraft:wheat_seeds":34,"minecraft:dripstone_block":2,"minecraft:feather":35,"minecraft:cobblestone":24,"minecraft:waxed_copper_grate":4,"minecraft:acacia_log":90,"minecraft:coal":12,"minecraft:milk_bucket":1,"minecraft:diorite":8,"minecraft:torch":2,"minecraft:waxed_oxidized_copper":1,"minecraft:armadillo_scute":2,"minecraft:string":127,"minecraft:bucket":1,"minecraft:smooth_basalt":3,"croptopia:date":1,"minecraft:tuff_bricks":2,"minecraft:stone_sword":4,"minecraft:raw_copper":2,"minecraft:tuff":7,"minecraft:clay_ball":8,"minecraft:name_tag":1,"minecraft:hay_block":90,"minecraft:andesite":2,"minecraft:oak_sapling":4,"minecraft:spider_eye":28,"minecraft:bow":1,"minecraft:stone_pickaxe":2,"minecraft:wooden_pickaxe":1,"waystones:waystone":3,"minecraft:calcite":3,"minecraft:waxed_oxidized_copper_grate":5,"minecraft:brick":8}},"DataVersion":3953}