{"stats":{"minecraft:killed":{"minecraft:skeleton":4,"minecraft:chicken":3,"minecraft:iron_golem":2,"minecraft:pillager":10,"minecraft:zombie":19,"minecraft:vindicator":3,"minecraft:ravager":2,"minecraft:breeze":10,"creeperoverhaul:savannah_creeper":1,"minecraft:zombified_piglin":1,"minecraft:witch":1,"minecraft:spider":72,"minecraft:silverfish":23,"minecraft:stray":28,"minecraft:bogged":49,"minecraft:slime":44,"creeperoverhaul:ocean_creeper":2,"minecraft:player":3,"minecraft:villager":1},"minecraft:crafted":{"minecraft:smooth_stone":7,"minecraft:diamond_shovel":1,"croptopia:avocado_sapling":13,"minecraft:bookshelf":2,"minecraft:cooked_mutton":14,"minecraft:glass":20,"minecraft:diamond_helmet":2,"minecraft:diamond_leggings":2,"croptopia:mango_sapling":12,"minecraft:redstone_lamp":6,"minecraft:emerald":45,"minecraft:diamond_axe":1,"travelersbackpack:standard":1,"croptopia:corn_seed":5,"minecraft:copper_ingot":171,"minecraft:painting":3,"croptopia:cherry_sapling":11,"minecraft:iron_pickaxe":6,"croptopia:tomatillo_seed":1,"minecraft:gold_ingot":9,"minecraft:smooth_stone_slab":12,"minecraft:iron_nugget":9,"croptopia:radish_seed":2,"minecraft:bone_meal":867,"croptopia:bellpepper_seed":3,"minecraft:diamond":9,"minecraft:diamond_boots":2,"croptopia:sweetpotato_seed":2,"croptopia:cantaloupe_seed":3,"mcwlights:oak_ceiling_fan_light":1,"minecraft:wheat":234,"croptopia:starfruit_sapling":3,"croptopia:artichoke_seed":2,"minecraft:red_bed":1,"minecraft:glowstone":22,"minecraft:oak_fence_gate":1,"croptopia:coconut_sapling":11,"croptopia:mustard_seed":3,"minecraft:iron_shovel":3,"minecraft:iron_leggings":2,"minecraft:armor_stand":12,"croptopia:grape_seed":5,"minecraft:oak_planks":2424,"minecraft:cooked_chicken":7,"mcwlights:white_lamp":12,"croptopia:greenbean_seed":1,"minecraft:cobblestone_stairs":4,"minecraft:stone":24,"croptopia:cabbage_seed":2,"mcwdoors:sliding_glass_door":2,"croptopia:kale_seed":2,"minecraft:iron_boots":2,"minecraft:chest":115,"croptopia:persimmon_sapling":3,"minecraft:oak_button":1,"minecraft:oak_fence":78,"minecraft:item_frame":35,"minecraft:oak_slab":6,"minecraft:crafting_table":3,"minecraft:spruce_planks":80,"minecraft:baked_potato":5,"croptopia:date_sapling":3,"minecraft:iron_helmet":2,"minecraft:red_wool":5,"croptopia:currant_seed":1,"minecraft:iron_chestplate":1,"minecraft:diamond_pickaxe":1,"minecraft:stick":512,"minecraft:iron_ingot":95,"croptopia:chile_pepper_seed":2,"croptopia:pear_sapling":18,"minecraft:shears":2,"croptopia:turmeric_seed":1,"croptopia:apple_sapling":3,"minecraft:oak_door":6,"croptopia:pepper_seed":4,"minecraft:spruce_button":74,"croptopia:blueberry_seed":1,"croptopia:broccoli_seed":2,"croptopia:dragonfruit_sapling":11,"croptopia:cucumber_seed":3,"croptopia:lemon_sapling":11,"minecraft:iron_axe":1,"minecraft:iron_hoe":2,"croptopia:oat_seed":2,"minecraft:cobblestone_wall":3162,"croptopia:fig_sapling":3,"minecraft:cooked_beef":4,"minecraft:red_dye":5,"minecraft:diamond_sword":2,"croptopia:kumquat_sapling":3,"minecraft:iron_sword":1,"minecraft:cooked_salmon":4,"minecraft:bucket":6,"minecraft:bread":78,"minecraft:blue_dye":1,"croptopia:banana_sapling":2,"minecraft:oak_boat":2,"justhammers:iron_hammer":9,"croptopia:barley_seed":3,"croptopia:tomato_seed":2,"croptopia:grapefruit_sapling":12,"betterend:iron_hammer":7,"croptopia:lettuce_seed":2,"minecraft:acacia_planks":868,"minecraft:torch":8,"croptopia:lime_sapling":4,"croptopia:nectarine_sapling":11,"minecraft:diamond_chestplate":1},"minecraft:broken":{"minecraft:iron_boots":1,"minecraft:iron_leggings":1,"minecraft:iron_pickaxe":3,"minecraft:iron_helmet":1,"minecraft:iron_shovel":1},"minecraft:custom":{"minecraft:interact_with_crafting_table":60,"minecraft:open_barrel":25,"minecraft:bell_ring":25,"minecraft:eat_cake_slice":4,"minecraft:leave_game":14,"minecraft:time_since_death":66460,"minecraft:damage_blocked_by_shield":3213,"minecraft:play_time":858042,"minecraft:deaths":11,"minecraft:jump":12298,"minecraft:interact_with_furnace":61,"minecraft:play_record":6,"minecraft:sleep_in_bed":29,"minecraft:waystone_activated":6,"minecraft:damage_dealt":40070,"minecraft:interact_with_smoker":15,"minecraft:inspect_dispenser":13,"minecraft:horse_one_cm":79003,"minecraft:interact_with_smithing_table":9,"minecraft:interact_with_anvil":1,"minecraft:sneak_time":7513,"minecraft:interact_with_blast_furnace":10,"minecraft:total_world_time":858042,"minecraft:gravestones_collected":11,"minecraft:time_since_rest":4941,"minecraft:swim_one_cm":185366,"minecraft:fly_one_cm":3252596,"minecraft:open_chest":447,"minecraft:fall_one_cm":341433,"minecraft:sprint_one_cm":4171441,"minecraft:drop":272,"minecraft:talked_to_villager":23,"minecraft:walk_on_water_one_cm":48723,"minecraft:interact_with_loom":3,"minecraft:player_kills":3,"minecraft:crouch_one_cm":13800,"minecraft:mob_kills":286,"minecraft:climb_one_cm":34262,"minecraft:walk_one_cm":2522515,"minecraft:raid_win":2,"minecraft:walk_under_water_one_cm":46969,"minecraft:boat_one_cm":313140,"minecraft:raid_trigger":1,"minecraft:pot_flower":1,"minecraft:damage_absorbed":39,"minecraft:damage_taken":14041},"minecraft:used":{"croptopia:avocado_sapling":12,"minecraft:tuff_bricks":5,"minecraft:chiseled_tuff":1,"minecraft:chest":134,"minecraft:bow":1,"minecraft:ominous_bottle":3,"minecraft:cooked_cod":6,"minecraft:egg":3,"minecraft:leather_leggings":2,"minecraft:waxed_weathered_copper_bulb":1,"minecraft:leather_chestplate":1,"croptopia:nectarine_sapling":11,"minecraft:golden_apple":3,"minecraft:sand":15,"croptopia:orange":1,"croptopia:nectarine":4,"minecraft:lectern":1,"minecraft:chiseled_tuff_bricks":1,"minecraft:diamond_sword":796,"globalxp:xp_block":1,"minecraft:oak_boat":2,"croptopia:fig":1,"minecraft:armor_stand":17,"croptopia:grapefruit_sapling":11,"croptopia:grapefruit":2,"minecraft:cooked_salmon":3,"minecraft:trial_key":18,"minecraft:orange_bed":2,"minecraft:torch":126,"minecraft:cod_bucket":1,"minecraft:iron_axe":370,"minecraft:diamond_chestplate":1,"minecraft:glowstone":3,"minecraft:acacia_planks":66,"minecraft:cobbled_deepslate":12,"croptopia:cherry_sapling":11,"minecraft:orange_terracotta":1,"minecraft:water_bucket":18,"minecraft:glow_ink_sac":1,"minecraft:leather_boots":1,"minecraft:crafting_table":3,"croptopia:dragonfruit":7,"minecraft:red_bed":8,"minecraft:cake":1,"justhammers:iron_hammer":404,"minecraft:oak_log":80,"minecraft:diamond_pickaxe":479,"minecraft:diamond_shovel":818,"minecraft:ominous_trial_key":9,"minecraft:acacia_sign":1,"minecraft:wind_charge":61,"minecraft:oak_button":2,"minecraft:iron_pickaxe":1161,"minecraft:cobblestone":2277,"minecraft:potion":1,"travelersbackpack:standard":28,"croptopia:pear_sapling":11,"minecraft:jukebox":2,"croptopia:lemon_sapling":11,"minecraft:diamond_leggings":1,"minecraft:blue_terracotta":1,"minecraft:iron_shovel":271,"minecraft:oak_sign":1,"minecraft:decorated_pot":5,"minecraft:shield":81,"minecraft:iron_sword":198,"mcwdoors:sliding_glass_door":4,"minecraft:iron_chestplate":1,"minecraft:waxed_copper_grate":5,"minecraft:tuff":32,"minecraft:honey_bottle":10,"minecraft:glass":26,"minecraft:waxed_oxidized_copper":1,"minecraft:waxed_oxidized_copper_grate":1,"minecraft:item_frame":12,"croptopia:mango":1,"croptopia:pear":1,"minecraft:diamond_boots":1,"mcwlights:white_lamp":8,"minecraft:oak_planks":1283,"minecraft:ender_pearl":5,"minecraft:sandstone":6,"mcwlights:oak_ceiling_fan_light":2,"minecraft:loom":1,"minecraft:crossbow":83,"minecraft:redstone_torch":6,"waystones:waystone":4,"minecraft:bread":94,"minecraft:melon_slice":10,"minecraft:string":1,"minecraft:gravel":2,"croptopia:coconut_sapling":11,"croptopia:toast":44,"minecraft:andesite":4,"minecraft:tropical_fish_bucket":5,"minecraft:bone_meal":506,"minecraft:waxed_copper_bulb":4,"minecraft:oak_fence":8,"minecraft:cooked_chicken":7,"minecraft:oak_door":5,"minecraft:dirt":118,"minecraft:cobblestone_wall":253,"minecraft:diamond_helmet":1,"minecraft:granite":1,"minecraft:bookshelf":4,"minecraft:iron_boots":1,"minecraft:golden_carrot":5,"minecraft:cooked_beef":26,"minecraft:iron_leggings":1,"minecraft:cooked_mutton":16,"minecraft:cobblestone_stairs":125,"minecraft:baked_potato":45,"croptopia:apricot":1,"minecraft:cut_sandstone":7,"minecraft:waxed_copper_block":8,"croptopia:cherry":6,"croptopia:sweetpotato":1,"minecraft:painting":68,"minecraft:flower_pot":3,"minecraft:apple":42,"betterend:iron_hammer":5,"croptopia:mango_sapling":11,"minecraft:white_banner":5,"minecraft:bucket":28,"minecraft:splash_potion":1,"croptopia:dragonfruit_sapling":11},"minecraft:mined":{"croptopia:pepper_crop":7,"croptopia:grape_crop":6,"croptopia:mustard_crop":4,"minecraft:jungle_leaves":10,"minecraft:granite":42,"croptopia:lime_crop":14,"minecraft:acacia_log":1,"minecraft:chiseled_tuff_bricks":3,"minecraft:cobbled_deepslate":9,"minecraft:fire":15,"minecraft:waxed_oxidized_copper_bulb":1,"croptopia:apple_crop":8,"minecraft:cave_vines":2,"minecraft:oak_sign":1,"minecraft:dirt_path":23,"croptopia:kumquat_crop":6,"minecraft:orange_bed":1,"croptopia:starfruit_crop":8,"minecraft:cut_sandstone":7,"minecraft:red_bed":6,"minecraft:powder_snow":9,"croptopia:turnip_crop":1,"minecraft:torch":16,"croptopia:oat_crop":2,"minecraft:melon":25,"minecraft:glass":2,"croptopia:broccoli_crop":4,"minecraft:sugar_cane":1,"minecraft:waxed_copper_bulb":13,"minecraft:chain":1,"croptopia:pineapple_crop":3,"minecraft:wheat":1,"croptopia:tomatillo_crop":2,"croptopia:pear_crop":41,"minecraft:jukebox":2,"minecraft:waxed_copper_block":8,"croptopia:vanilla_crop":2,"croptopia:rice_crop":5,"minecraft:stonecutter":1,"croptopia:currant_crop":1,"croptopia:basil_crop":1,"minecraft:deepslate":18,"croptopia:cabbage_crop":2,"croptopia:orange_crop":3,"croptopia:persimmon_crop":8,"croptopia:mango_crop":26,"croptopia:coffee_crop":3,"minecraft:waxed_copper_grate":8,"croptopia:corn_crop":8,"minecraft:andesite":44,"croptopia:peach_crop":2,"minecraft:potatoes":2,"croptopia:rhubarb_crop":2,"minecraft:vine":3,"minecraft:bamboo":2,"minecraft:waxed_weathered_copper_bulb":2,"minecraft:white_wool":1,"croptopia:coconut_crop":23,"minecraft:smithing_table":1,"minecraft:glass_pane":2,"croptopia:lettuce_crop":4,"croptopia:sweetpotato_crop":5,"minecraft:short_grass":42,"minecraft:emerald_ore":5,"croptopia:lemon_crop":23,"minecraft:tall_grass":6,"minecraft:copper_ore":3,"croptopia:blackbean_crop":1,"croptopia:olive_crop":1,"minecraft:diorite":2,"minecraft:cobblestone_wall":2,"minecraft:spruce_log":20,"minecraft:birch_leaves":1,"croptopia:artichoke_crop":2,"croptopia:grapefruit_crop":27,"croptopia:radish_crop":3,"minecraft:gravel":16,"minecraft:cobweb":1,"minecraft:acacia_planks":66,"croptopia:bellpepper_crop":6,"croptopia:cantaloupe_crop":3,"minecraft:stone_pressure_plate":1,"croptopia:greenbean_crop":2,"minecraft:cobblestone_stairs":192,"minecraft:cave_vines_plant":2,"minecraft:grass_block":61,"minecraft:tuff_bricks":8,"croptopia:cherry_crop":24,"minecraft:glowstone":3,"minecraft:iron_ore":3,"croptopia:tea_crop":1,"minecraft:polished_tuff":2,"croptopia:date_crop":7,"mcwlights:oak_ceiling_fan_light":1,"mcwdoors:sliding_glass_door":2,"mcwlights:white_lamp":4,"croptopia:eggplant_crop":2,"minecraft:orange_terracotta":1,"croptopia:garlic_crop":1,"minecraft:chest":14,"minecraft:cobblestone":215,"minecraft:grindstone":1,"minecraft:oak_planks":156,"minecraft:wall_torch":34,"croptopia:nectarine_crop":17,"minecraft:blue_terracotta":1,"minecraft:blue_ice":16,"croptopia:avocado_crop":34,"minecraft:tnt":9,"croptopia:apricot_crop":1,"croptopia:chile_pepper_crop":4,"minecraft:oak_log":74,"minecraft:beetroots":1,"minecraft:waxed_oxidized_copper":1,"minecraft:sand":41,"minecraft:dirt":24,"minecraft:oak_leaves":45,"croptopia:cucumber_crop":6,"minecraft:crying_obsidian":5,"minecraft:tuff":32,"minecraft:oak_door":3,"croptopia:kale_crop":4,"minecraft:decorated_pot":55,"travelersbackpack:white_sleeping_bag":1,"minecraft:sandstone":6,"minecraft:hay_block":26,"croptopia:barley_crop":4,"minecraft:carrots":1,"croptopia:fig_crop":7,"croptopia:soybean_crop":7,"croptopia:blueberry_crop":2,"minecraft:gold_block":1,"minecraft:bookshelf":2,"minecraft:deepslate_iron_ore":32,"minecraft:packed_ice":1,"minecraft:stone":1087,"minecraft:redstone_wall_torch":5,"minecraft:waxed_exposed_copper_bulb":2,"travelersbackpack:standard":13,"minecraft:lectern":1,"croptopia:banana_crop":4,"minecraft:waxed_oxidized_copper_grate":3,"croptopia:plum_crop":4,"minecraft:redstone_torch":1,"minecraft:white_wall_banner":1,"croptopia:dragonfruit_crop":33,"croptopia:tomato_crop":3,"croptopia:turmeric_crop":1,"minecraft:coal_ore":220,"minecraft:cocoa":3,"minecraft:acacia_wall_sign":1},"minecraft:dropped":{"minecraft:iron_sword":1,"minecraft:ominous_bottle":1,"minecraft:glass_bottle":9,"minecraft:diamond":6,"minecraft:crossbow":3,"minecraft:dirt":2,"betterend:iron_hammer":2,"minecraft:scrape_pottery_sherd":6,"minecraft:gold_nugget":1,"minecraft:bone":28,"mcwlights:white_lamp":3,"minecraft:cooked_chicken":1,"minecraft:cobbled_deepslate":5,"minecraft:rotten_flesh":16,"croptopia:chile_pepper":1,"croptopia:broccoli":2,"minecraft:tipped_arrow":3,"minecraft:leather_boots":1,"minecraft:leather_leggings":1,"minecraft:crying_obsidian":5,"croptopia:barley":2,"croptopia:mustard":1,"croptopia:turnip":1,"croptopia:garlic":1,"minecraft:wheat_seeds":5,"croptopia:orange":2,"minecraft:iron_helmet":1,"minecraft:cobblestone":59,"minecraft:waxed_copper_grate":7,"minecraft:apple":1,"minecraft:granite":1,"minecraft:armadillo_scute":2,"croptopia:vanilla":1,"minecraft:string":80,"croptopia:cucumber_seed":1,"croptopia:radish_seed":4,"croptopia:basil":1,"minecraft:flower_pot":1,"minecraft:diamond_pickaxe":1,"minecraft:stone_pressure_plate":2,"croptopia:tea_leaves":2,"minecraft:spider_eye":10,"minecraft:bow":3,"croptopia:lime":5,"minecraft:diamond_axe":1,"minecraft:ender_pearl":1,"croptopia:cucumber":3,"minecraft:decorated_pot":41,"croptopia:eggplant":2,"croptopia:chile_pepper_seed":2,"travelersbackpack:standard":1,"croptopia:pineapple":4,"croptopia:sweetpotato_seed":1,"croptopia:mustard_seed":1,"croptopia:corn":3,"minecraft:chiseled_tuff_bricks":2,"croptopia:tomatillo":1,"croptopia:bellpepper":1,"minecraft:diamond_shovel":2,"minecraft:leather_chestplate":1,"minecraft:trident":1,"croptopia:avocado":6,"minecraft:melon_seeds":1,"minecraft:arrow":69,"minecraft:stone_hoe":1,"minecraft:water_bucket":3,"minecraft:bread":5,"croptopia:starfruit":1,"croptopia:kale":2,"croptopia:sweetpotato":1,"minecraft:polished_tuff":3,"croptopia:grape":1,"minecraft:ominous_trial_key":12,"minecraft:stick":2,"croptopia:lemon":1,"croptopia:lettuce":2,"minecraft:waxed_copper_bulb":1,"minecraft:iron_axe":1,"croptopia:plum":4,"minecraft:redstone":5,"minecraft:tuff_bricks":14,"minecraft:flow_pottery_sherd":6,"minecraft:raw_copper":4,"minecraft:raw_iron":3,"croptopia:rhubarb":2,"minecraft:filled_map":1,"minecraft:shield":1,"minecraft:oak_button":2,"minecraft:trial_key":5,"minecraft:iron_chestplate":2,"croptopia:radish":2,"minecraft:oak_sapling":3,"minecraft:slime_ball":10,"croptopia:peach":2,"minecraft:stone_pickaxe":1,"minecraft:waxed_oxidized_copper_grate":2,"minecraft:brick":96},"minecraft:killed_by":{"minecraft:bogged":1,"creeperoverhaul:ocean_creeper":1,"minecraft:silverfish":1,"minecraft:player":4,"minecraft:spider":1,"minecraft:iron_golem":1},"minecraft:picked_up":{"minecraft:iron_chestplate":1,"croptopia:grape_seed":9,"minecraft:flower_pot":3,"croptopia:tomatillo_seed":3,"minecraft:smithing_table":1,"minecraft:diamond_sword":3,"minecraft:acacia_pressure_plate":2,"minecraft:enchanted_book":4,"croptopia:cabbage_seed":3,"minecraft:string":150,"minecraft:gold_nugget":1,"minecraft:cobbled_deepslate":34,"minecraft:acacia_sign":2,"minecraft:trial_key":23,"croptopia:blueberry":2,"croptopia:mustard_seed":5,"minecraft:enchanted_golden_apple":2,"minecraft:melon_slice":106,"croptopia:barley_seed":3,"minecraft:jukebox":2,"croptopia:cucumber":6,"croptopia:blackbean":1,"minecraft:acacia_log":3,"croptopia:vanilla":1,"minecraft:waxed_weathered_copper_bulb":4,"minecraft:waxed_copper_grate":16,"croptopia:fig":7,"croptopia:coffee_seed":3,"minecraft:orange_bed":2,"minecraft:honey_bottle":5,"croptopia:persimmon":8,"minecraft:iron_block":1,"minecraft:armadillo_scute":2,"croptopia:lettuce_seed":7,"minecraft:cooked_beef":28,"minecraft:water_bucket":7,"minecraft:flint":2,"croptopia:eggplant":2,"minecraft:stonecutter":1,"croptopia:bellpepper":4,"betterend:iron_hammer":1,"minecraft:guster_banner_pattern":1,"minecraft:glowstone_dust":9,"croptopia:lime":14,"croptopia:plum":4,"croptopia:turmeric":1,"croptopia:eggplant_seed":3,"croptopia:oat":2,"croptopia:coffee_beans":3,"croptopia:chile_pepper":3,"croptopia:cherry":23,"minecraft:blue_terracotta":1,"croptopia:radish_seed":8,"minecraft:granite":222,"minecraft:bread":8,"minecraft:music_disc_precipice":3,"minecraft:ominous_trial_key":21,"minecraft:diamond_pickaxe":1,"croptopia:toast":44,"minecraft:ominous_bottle":7,"minecraft:music_disc_creator":5,"minecraft:wind_charge":56,"minecraft:red_bed":7,"minecraft:flow_banner_pattern":1,"minecraft:iron_shovel":2,"croptopia:soybean":6,"croptopia:avocado":34,"minecraft:chiseled_tuff":1,"croptopia:pepper_seed":10,"croptopia:coconut":23,"minecraft:poppy":1,"minecraft:guster_pottery_sherd":2,"minecraft:chest":14,"globalxp:xp_block":1,"minecraft:waxed_oxidized_copper":1,"minecraft:egg":3,"minecraft:sandstone":6,"croptopia:corn_seed":12,"minecraft:oak_door":5,"croptopia:blackbean_seed":1,"minecraft:flow_pottery_sherd":6,"minecraft:carrot":1,"minecraft:redstone":5,"croptopia:banana":4,"minecraft:tnt":9,"minecraft:diamond_chestplate":2,"minecraft:decorated_pot":46,"minecraft:beetroot_seeds":1,"minecraft:hay_block":26,"croptopia:rhubarb":2,"minecraft:glow_berries":12,"minecraft:flow_armor_trim_smithing_template":1,"croptopia:pepper":6,"minecraft:tuff_bricks":19,"minecraft:oak_log":861,"minecraft:white_banner":6,"croptopia:rice_seed":7,"mcwdoors:sliding_glass_door":2,"minecraft:apple":10,"croptopia:barley":5,"minecraft:spore_blossom":1,"minecraft:stone_pickaxe":1,"croptopia:tomato":2,"minecraft:glass_bottle":4,"croptopia:currant_seed":1,"minecraft:waxed_exposed_copper_bulb":2,"minecraft:gravel":34,"croptopia:basil":1,"minecraft:spruce_log":20,"minecraft:crying_obsidian":5,"minecraft:polished_tuff":3,"croptopia:turnip":1,"travelersbackpack:standard":15,"minecraft:diamond_shovel":4,"minecraft:slime_ball":71,"croptopia:orange":3,"minecraft:painting":65,"croptopia:grapefruit":27,"minecraft:oak_button":4,"minecraft:baked_potato":23,"minecraft:melon_seeds":1,"croptopia:kale":4,"croptopia:broccoli":4,"minecraft:potion":2,"croptopia:artichoke_seed":3,"croptopia:lettuce":4,"croptopia:cantaloupe":3,"minecraft:raw_copper":109,"minecraft:armor_stand":12,"minecraft:oak_sign":1,"mcwlights:white_lamp":4,"minecraft:redstone_torch":6,"minecraft:azalea":2,"minecraft:iron_pickaxe":6,"minecraft:tipped_arrow":110,"minecraft:stick":7,"minecraft:torch":75,"travelersbackpack:iron_tier_upgrade":1,"minecraft:diorite":3,"croptopia:date":7,"minecraft:rotten_flesh":21,"croptopia:vanilla_seeds":1,"minecraft:cod":2,"croptopia:garlic_seed":1,"croptopia:cabbage":2,"minecraft:cobblestone":3269,"croptopia:nectarine":16,"croptopia:radish":4,"croptopia:broccoli_seed":4,"minecraft:andesite":263,"minecraft:potato":2,"croptopia:mango":26,"minecraft:tuff":32,"croptopia:artichoke":2,"minecraft:dirt":107,"croptopia:blueberry_seed":3,"minecraft:bone":94,"travelersbackpack:backpack_tank":3,"croptopia:corn":8,"minecraft:acacia_planks":66,"croptopia:sweetpotato":4,"minecraft:bow":4,"minecraft:wheat_seeds":6,"minecraft:grindstone":1,"minecraft:bolt_armor_trim_smithing_template":2,"minecraft:bamboo":13,"croptopia:kale_seed":6,"minecraft:oak_planks":164,"minecraft:scrape_pottery_sherd":7,"minecraft:stone_hoe":1,"croptopia:chile_pepper_seed":5,"croptopia:dragonfruit":33,"minecraft:waxed_oxidized_copper_bulb":1,"croptopia:mustard":4,"croptopia:rice":5,"justhammers:iron_hammer":1,"minecraft:sand":39,"minecraft:diamond_block":1,"minecraft:diamond":28,"waystones:waystone":6,"minecraft:waxed_oxidized_copper_grate":3,"croptopia:pineapple_seed":5,"minecraft:crossbow":6,"minecraft:breeze_rod":25,"mcwlights:oak_ceiling_fan_light":1,"minecraft:golden_apple":2,"minecraft:emerald":111,"minecraft:oak_sapling":30,"minecraft:cocoa_beans":9,"croptopia:peach":2,"croptopia:sweetpotato_seed":5,"minecraft:gold_block":1,"croptopia:currant":1,"minecraft:chain":1,"croptopia:kumquat":6,"minecraft:brick":114,"minecraft:shield":4,"minecraft:iron_axe":6,"minecraft:item_frame":3,"croptopia:bellpepper_seed":4,"croptopia:pear":40,"croptopia:tomatillo":2,"croptopia:tomato_seed":4,"minecraft:lectern":1,"minecraft:sugar_cane":4,"minecraft:raw_iron":35,"croptopia:soybean_seed":7,"croptopia:greenbean_seed":1,"croptopia:rhubarb_seed":3,"minecraft:trident":1,"minecraft:stone_pressure_plate":2,"croptopia:grape":6,"croptopia:cantaloupe_seed":5,"minecraft:arrow":160,"minecraft:saddle":1,"minecraft:golden_carrot":11,"minecraft:glow_ink_sac":4,"minecraft:salmon":2,"minecraft:cut_sandstone":7,"minecraft:leather":1,"croptopia:tea_leaves":2,"minecraft:waxed_copper_bulb":11,"croptopia:basil_seed":2,"minecraft:waxed_copper_block":8,"minecraft:cobblestone_wall":2,"minecraft:cobblestone_stairs":161,"minecraft:orange_terracotta":1,"croptopia:garlic":1,"minecraft:iron_ingot":64,"croptopia:pineapple":4,"minecraft:cooked_chicken":3,"croptopia:turnip_seed":2,"minecraft:acacia_sapling":23,"minecraft:book":6,"minecraft:emerald_block":1,"croptopia:apricot":1,"croptopia:starfruit":8,"croptopia:cucumber_seed":4,"minecraft:amethyst_shard":4,"croptopia:turmeric_seed":2,"minecraft:spider_eye":22,"croptopia:lemon":23,"croptopia:oat_seed":4,"croptopia:greenbean":1,"minecraft:chiseled_tuff_bricks":3,"minecraft:coal":235}},"DataVersion":3953}