{"stats":{"minecraft:crafted":{"minecraft:smooth_stone":7,"minecraft:oak_planks":2408,"minecraft:cooked_chicken":2,"minecraft:stone":24,"minecraft:cobblestone_stairs":4,"minecraft:cooked_mutton":8,"minecraft:diamond_helmet":2,"minecraft:diamond_leggings":2,"minecraft:iron_boots":2,"minecraft:chest":108,"minecraft:oak_fence":78,"minecraft:emerald":45,"minecraft:diamond_axe":1,"minecraft:crafting_table":1,"travelersbackpack:standard":1,"minecraft:baked_potato":5,"minecraft:iron_helmet":2,"minecraft:copper_ingot":171,"minecraft:iron_chestplate":1,"minecraft:diamond_pickaxe":1,"minecraft:stick":108,"minecraft:iron_ingot":86,"minecraft:iron_pickaxe":6,"minecraft:gold_ingot":9,"minecraft:oak_door":3,"minecraft:smooth_stone_slab":12,"minecraft:diamond":9,"minecraft:iron_axe":1,"minecraft:cobblestone_wall":18,"minecraft:diamond_boots":2,"minecraft:wheat":234,"minecraft:diamond_sword":2,"minecraft:iron_sword":1,"minecraft:bread":78,"minecraft:oak_fence_gate":1,"minecraft:oak_boat":2,"justhammers:iron_hammer":9,"betterend:iron_hammer":7,"minecraft:armor_stand":12,"minecraft:iron_shovel":2,"minecraft:iron_leggings":2,"minecraft:acacia_planks":868,"minecraft:torch":8,"minecraft:diamond_chestplate":1},"minecraft:used":{"minecraft:tuff_bricks":5,"minecraft:blue_terracotta":1,"minecraft:iron_shovel":21,"minecraft:chiseled_tuff":1,"minecraft:decorated_pot":5,"minecraft:chest":128,"minecraft:shield":73,"minecraft:iron_sword":198,"minecraft:iron_chestplate":1,"minecraft:waxed_copper_grate":5,"minecraft:tuff":32,"minecraft:honey_bottle":10,"minecraft:waxed_oxidized_copper":1,"minecraft:waxed_oxidized_copper_grate":1,"minecraft:bow":1,"minecraft:ominous_bottle":2,"minecraft:cooked_cod":3,"minecraft:egg":1,"minecraft:leather_leggings":2,"minecraft:diamond_boots":1,"minecraft:waxed_weathered_copper_bulb":1,"minecraft:oak_planks":1268,"minecraft:ender_pearl":5,"minecraft:leather_chestplate":1,"minecraft:sandstone":6,"minecraft:golden_apple":3,"minecraft:sand":1,"minecraft:crossbow":82,"croptopia:orange":1,"waystones:waystone":1,"minecraft:melon_slice":8,"minecraft:bread":80,"minecraft:string":1,"minecraft:lectern":1,"minecraft:gravel":1,"minecraft:chiseled_tuff_bricks":1,"croptopia:toast":36,"minecraft:diamond_sword":667,"globalxp:xp_block":1,"minecraft:andesite":4,"minecraft:oak_boat":2,"minecraft:oak_fence":8,"minecraft:armor_stand":6,"minecraft:cooked_chicken":7,"minecraft:trial_key":18,"minecraft:oak_door":5,"minecraft:orange_bed":2,"minecraft:torch":94,"minecraft:dirt":72,"minecraft:cobblestone_wall":7,"minecraft:diamond_helmet":1,"minecraft:granite":1,"minecraft:iron_axe":272,"minecraft:iron_boots":1,"minecraft:diamond_chestplate":1,"minecraft:golden_carrot":5,"minecraft:cooked_beef":19,"minecraft:cobbled_deepslate":12,"minecraft:acacia_planks":66,"minecraft:orange_terracotta":1,"minecraft:iron_leggings":1,"minecraft:cooked_mutton":10,"minecraft:water_bucket":3,"minecraft:cobblestone_stairs":107,"minecraft:baked_potato":30,"minecraft:cut_sandstone":7,"minecraft:leather_boots":1,"minecraft:waxed_copper_block":8,"minecraft:crafting_table":1,"minecraft:red_bed":5,"croptopia:sweetpotato":1,"minecraft:cake":1,"justhammers:iron_hammer":404,"minecraft:flower_pot":2,"minecraft:diamond_pickaxe":63,"minecraft:ominous_trial_key":9,"minecraft:wind_charge":14,"minecraft:oak_button":2,"betterend:iron_hammer":5,"minecraft:iron_pickaxe":1161,"minecraft:potion":1,"minecraft:cobblestone":2179,"travelersbackpack:standard":14,"minecraft:bucket":5,"minecraft:diamond_leggings":1,"minecraft:splash_potion":1,"minecraft:jukebox":2},"minecraft:custom":{"minecraft:interact_with_crafting_table":37,"minecraft:open_barrel":22,"minecraft:bell_ring":1,"minecraft:eat_cake_slice":4,"minecraft:leave_game":10,"minecraft:time_since_death":157120,"minecraft:sprint_one_cm":2493588,"minecraft:damage_blocked_by_shield":2723,"minecraft:drop":213,"minecraft:talked_to_villager":6,"minecraft:play_time":543068,"minecraft:deaths":9,"minecraft:jump":6163,"minecraft:walk_on_water_one_cm":28692,"minecraft:interact_with_furnace":49,"minecraft:play_record":6,"minecraft:sleep_in_bed":12,"minecraft:waystone_activated":2,"minecraft:damage_dealt":33935,"minecraft:player_kills":2,"minecraft:crouch_one_cm":10796,"minecraft:interact_with_smoker":1,"minecraft:inspect_dispenser":13,"minecraft:horse_one_cm":79003,"minecraft:interact_with_smithing_table":8,"minecraft:mob_kills":261,"minecraft:climb_one_cm":27673,"minecraft:walk_one_cm":1675821,"minecraft:sneak_time":5688,"minecraft:walk_under_water_one_cm":32964,"minecraft:boat_one_cm":313140,"minecraft:interact_with_blast_furnace":6,"minecraft:total_world_time":543068,"minecraft:gravestones_collected":9,"minecraft:time_since_rest":4507,"minecraft:damage_taken":11526,"minecraft:damage_absorbed":39,"minecraft:swim_one_cm":129185,"minecraft:fly_one_cm":1532245,"minecraft:open_chest":307,"minecraft:fall_one_cm":186978},"minecraft:picked_up":{"minecraft:iron_chestplate":1,"minecraft:flower_pot":3,"croptopia:grape_seed":2,"croptopia:kale":2,"croptopia:tomatillo_seed":2,"minecraft:smithing_table":1,"croptopia:broccoli":2,"minecraft:diamond_sword":3,"minecraft:acacia_pressure_plate":2,"minecraft:potion":2,"minecraft:enchanted_book":4,"minecraft:string":148,"croptopia:lettuce":1,"minecraft:raw_copper":109,"minecraft:armor_stand":6,"minecraft:gold_nugget":1,"minecraft:cobbled_deepslate":34,"minecraft:acacia_sign":2,"minecraft:trial_key":23,"minecraft:azalea":2,"minecraft:iron_pickaxe":6,"minecraft:enchanted_golden_apple":2,"minecraft:melon_slice":106,"minecraft:tipped_arrow":110,"minecraft:stick":5,"croptopia:cucumber":1,"minecraft:jukebox":2,"croptopia:barley_seed":1,"minecraft:torch":69,"minecraft:acacia_log":3,"travelersbackpack:iron_tier_upgrade":1,"minecraft:waxed_weathered_copper_bulb":4,"minecraft:waxed_copper_grate":16,"minecraft:diorite":3,"minecraft:orange_bed":2,"minecraft:honey_bottle":5,"minecraft:rotten_flesh":18,"minecraft:iron_block":1,"minecraft:armadillo_scute":2,"minecraft:cobblestone":3112,"croptopia:lettuce_seed":2,"minecraft:cooked_beef":28,"croptopia:radish":2,"croptopia:broccoli_seed":1,"minecraft:water_bucket":6,"minecraft:andesite":263,"minecraft:flint":2,"minecraft:tuff":32,"minecraft:dirt":41,"minecraft:bone":94,"travelersbackpack:backpack_tank":3,"croptopia:corn":3,"minecraft:acacia_planks":66,"croptopia:sweetpotato":1,"minecraft:bow":4,"minecraft:wheat_seeds":2,"croptopia:bellpepper":1,"minecraft:grindstone":1,"minecraft:bolt_armor_trim_smithing_template":2,"betterend:iron_hammer":1,"minecraft:guster_banner_pattern":1,"minecraft:scrape_pottery_sherd":7,"croptopia:kale_seed":3,"croptopia:lime":5,"minecraft:stone_hoe":1,"minecraft:oak_planks":132,"croptopia:chile_pepper_seed":2,"croptopia:plum":2,"minecraft:waxed_oxidized_copper_bulb":1,"justhammers:iron_hammer":1,"minecraft:sand":1,"minecraft:diamond_block":1,"croptopia:chile_pepper":1,"minecraft:blue_terracotta":1,"minecraft:diamond":28,"waystones:waystone":2,"minecraft:waxed_oxidized_copper_grate":3,"croptopia:radish_seed":4,"minecraft:granite":222,"minecraft:crossbow":3,"minecraft:breeze_rod":25,"minecraft:golden_apple":2,"minecraft:emerald":104,"minecraft:bread":8,"minecraft:music_disc_precipice":3,"minecraft:oak_sapling":18,"minecraft:ominous_trial_key":21,"croptopia:toast":44,"minecraft:ominous_bottle":6,"croptopia:peach":1,"croptopia:sweetpotato_seed":1,"minecraft:gold_block":1,"minecraft:music_disc_creator":5,"minecraft:brick":114,"minecraft:shield":4,"minecraft:wind_charge":56,"minecraft:red_bed":5,"minecraft:flow_banner_pattern":1,"minecraft:iron_axe":5,"minecraft:iron_shovel":2,"croptopia:tomatillo":1,"croptopia:avocado":6,"minecraft:chiseled_tuff":1,"croptopia:pepper_seed":4,"minecraft:poppy":1,"minecraft:lectern":1,"minecraft:guster_pottery_sherd":2,"minecraft:chest":14,"minecraft:sugar_cane":4,"globalxp:xp_block":1,"minecraft:waxed_oxidized_copper":1,"minecraft:egg":1,"minecraft:raw_iron":32,"minecraft:sandstone":6,"croptopia:corn_seed":5,"minecraft:oak_door":5,"minecraft:flow_pottery_sherd":6,"minecraft:trident":1,"minecraft:redstone":5,"minecraft:stone_pressure_plate":2,"croptopia:grape":1,"minecraft:tnt":9,"minecraft:arrow":157,"minecraft:diamond_chestplate":2,"minecraft:decorated_pot":46,"minecraft:hay_block":26,"minecraft:flow_armor_trim_smithing_template":1,"croptopia:pepper":2,"minecraft:tuff_bricks":19,"minecraft:glow_berries":12,"minecraft:golden_carrot":11,"minecraft:glow_ink_sac":4,"minecraft:cut_sandstone":7,"minecraft:leather":1,"croptopia:tea_leaves":2,"minecraft:waxed_copper_bulb":8,"minecraft:waxed_copper_block":8,"minecraft:oak_log":833,"minecraft:cobblestone_stairs":160,"minecraft:orange_terracotta":1,"minecraft:apple":3,"croptopia:barley":2,"minecraft:spore_blossom":1,"minecraft:iron_ingot":64,"minecraft:stone_pickaxe":1,"minecraft:cooked_chicken":3,"minecraft:glass_bottle":3,"minecraft:emerald_block":1,"croptopia:starfruit":1,"minecraft:waxed_exposed_copper_bulb":2,"croptopia:cucumber_seed":1,"minecraft:gravel":33,"minecraft:crying_obsidian":5,"minecraft:spider_eye":21,"minecraft:polished_tuff":3,"travelersbackpack:standard":13,"croptopia:lemon":1,"minecraft:slime_ball":71,"croptopia:orange":2,"minecraft:oak_button":4,"minecraft:baked_potato":23,"minecraft:melon_seeds":1,"minecraft:chiseled_tuff_bricks":3,"minecraft:coal":28},"minecraft:broken":{"minecraft:iron_boots":1,"minecraft:iron_leggings":1,"minecraft:iron_pickaxe":3,"minecraft:iron_helmet":1},"minecraft:killed":{"minecraft:zombified_piglin":1,"minecraft:witch":1,"minecraft:spider":71,"minecraft:skeleton":4,"minecraft:chicken":3,"minecraft:silverfish":23,"minecraft:iron_golem":2,"minecraft:zombie":15,"minecraft:stray":28,"minecraft:bogged":49,"minecraft:slime":44,"minecraft:breeze":10,"creeperoverhaul:savannah_creeper":1,"minecraft:player":2},"minecraft:mined":{"croptopia:bellpepper_crop":2,"croptopia:pepper_crop":3,"minecraft:stone_pressure_plate":1,"croptopia:grape_crop":1,"minecraft:cobblestone_stairs":191,"minecraft:cave_vines_plant":2,"minecraft:granite":42,"croptopia:lime_crop":5,"minecraft:acacia_log":1,"minecraft:grass_block":29,"minecraft:chiseled_tuff_bricks":3,"minecraft:tuff_bricks":8,"croptopia:cherry_crop":1,"minecraft:cobbled_deepslate":9,"minecraft:fire":15,"croptopia:tea_crop":1,"minecraft:polished_tuff":2,"minecraft:waxed_oxidized_copper_bulb":1,"croptopia:apple_crop":1,"minecraft:cave_vines":2,"minecraft:orange_bed":1,"croptopia:starfruit_crop":1,"minecraft:cut_sandstone":7,"minecraft:red_bed":4,"minecraft:orange_terracotta":1,"minecraft:powder_snow":6,"minecraft:torch":16,"minecraft:melon":25,"minecraft:chest":14,"croptopia:broccoli_crop":2,"minecraft:cobblestone":158,"minecraft:grindstone":1,"minecraft:sugar_cane":1,"minecraft:oak_planks":124,"minecraft:wall_torch":29,"minecraft:waxed_copper_bulb":10,"croptopia:nectarine_crop":1,"minecraft:blue_terracotta":1,"croptopia:tomatillo_crop":1,"minecraft:jukebox":2,"minecraft:waxed_copper_block":8,"croptopia:avocado_crop":6,"minecraft:tnt":9,"croptopia:chile_pepper_crop":2,"minecraft:oak_log":46,"minecraft:waxed_oxidized_copper":1,"minecraft:sand":3,"minecraft:dirt":13,"minecraft:oak_leaves":7,"minecraft:deepslate":18,"croptopia:cucumber_crop":1,"minecraft:crying_obsidian":5,"minecraft:tuff":32,"croptopia:orange_crop":2,"minecraft:oak_door":3,"croptopia:kale_crop":2,"minecraft:decorated_pot":55,"minecraft:sandstone":6,"croptopia:barley_crop":1,"minecraft:hay_block":26,"minecraft:waxed_copper_grate":8,"croptopia:corn_crop":3,"croptopia:soybean_crop":1,"minecraft:andesite":44,"croptopia:peach_crop":1,"minecraft:gold_block":1,"minecraft:deepslate_iron_ore":32,"minecraft:waxed_weathered_copper_bulb":2,"minecraft:stone":988,"minecraft:smithing_table":1,"minecraft:waxed_exposed_copper_bulb":2,"minecraft:glass_pane":1,"croptopia:lettuce_crop":1,"croptopia:sweetpotato_crop":2,"travelersbackpack:standard":11,"minecraft:short_grass":11,"minecraft:lectern":1,"croptopia:lemon_crop":1,"minecraft:copper_ore":3,"minecraft:tall_grass":4,"minecraft:diorite":2,"minecraft:waxed_oxidized_copper_grate":3,"croptopia:plum_crop":2,"minecraft:birch_leaves":1,"minecraft:coal_ore":2,"croptopia:radish_crop":1,"minecraft:gravel":9,"minecraft:cobweb":1,"minecraft:acacia_planks":66,"minecraft:acacia_wall_sign":1},"minecraft:dropped":{"minecraft:iron_sword":1,"minecraft:diamond_axe":1,"minecraft:ominous_bottle":1,"minecraft:glass_bottle":8,"minecraft:ender_pearl":1,"minecraft:diamond":4,"croptopia:cucumber":1,"minecraft:decorated_pot":41,"croptopia:chile_pepper_seed":2,"travelersbackpack:standard":1,"betterend:iron_hammer":2,"minecraft:scrape_pottery_sherd":6,"minecraft:gold_nugget":1,"minecraft:bone":28,"croptopia:corn":3,"minecraft:cooked_chicken":1,"minecraft:chiseled_tuff_bricks":2,"minecraft:cobbled_deepslate":5,"croptopia:tomatillo":1,"minecraft:rotten_flesh":13,"croptopia:chile_pepper":1,"croptopia:bellpepper":1,"minecraft:leather_chestplate":1,"croptopia:broccoli":2,"minecraft:tipped_arrow":3,"minecraft:trident":1,"croptopia:avocado":6,"minecraft:melon_seeds":1,"minecraft:leather_boots":1,"minecraft:leather_leggings":1,"minecraft:arrow":66,"minecraft:crying_obsidian":5,"croptopia:barley":2,"minecraft:water_bucket":3,"minecraft:stone_hoe":1,"minecraft:bread":5,"minecraft:wheat_seeds":2,"croptopia:starfruit":1,"croptopia:kale":2,"croptopia:orange":1,"minecraft:iron_helmet":1,"minecraft:cobblestone":22,"minecraft:waxed_copper_grate":7,"minecraft:polished_tuff":3,"minecraft:apple":1,"minecraft:granite":1,"croptopia:grape":1,"minecraft:ominous_trial_key":12,"croptopia:lemon":1,"croptopia:lettuce":1,"minecraft:waxed_copper_bulb":1,"minecraft:armadillo_scute":2,"minecraft:iron_axe":1,"croptopia:plum":2,"minecraft:string":78,"minecraft:redstone":5,"minecraft:tuff_bricks":14,"minecraft:flow_pottery_sherd":6,"minecraft:raw_copper":4,"croptopia:radish_seed":4,"minecraft:filled_map":1,"minecraft:shield":1,"minecraft:flower_pot":1,"minecraft:oak_button":2,"minecraft:trial_key":5,"minecraft:iron_chestplate":2,"croptopia:radish":2,"croptopia:tea_leaves":2,"minecraft:stone_pressure_plate":2,"minecraft:spider_eye":9,"minecraft:slime_ball":10,"croptopia:peach":1,"minecraft:bow":3,"minecraft:stone_pickaxe":1,"croptopia:lime":5,"minecraft:waxed_oxidized_copper_grate":2,"minecraft:brick":96},"minecraft:killed_by":{"minecraft:bogged":1,"creeperoverhaul:ocean_creeper":1,"minecraft:silverfish":1,"minecraft:player":2,"minecraft:spider":1,"minecraft:iron_golem":1}},"DataVersion":3953}