{"stats":{"minecraft:crafted":{"minecraft:smooth_stone":7,"minecraft:oak_planks":2408,"minecraft:cooked_chicken":2,"croptopia:greenbean_seed":1,"minecraft:stone":24,"minecraft:cobblestone_stairs":4,"croptopia:cabbage_seed":2,"mcwdoors:sliding_glass_door":2,"minecraft:cooked_mutton":8,"croptopia:kale_seed":2,"minecraft:diamond_helmet":2,"minecraft:diamond_leggings":2,"minecraft:iron_boots":2,"minecraft:chest":115,"minecraft:oak_fence":78,"minecraft:emerald":45,"minecraft:diamond_axe":1,"minecraft:crafting_table":1,"travelersbackpack:standard":1,"minecraft:baked_potato":5,"minecraft:iron_helmet":2,"croptopia:corn_seed":5,"minecraft:copper_ingot":171,"minecraft:iron_chestplate":1,"minecraft:diamond_pickaxe":1,"minecraft:stick":108,"minecraft:iron_ingot":86,"minecraft:iron_pickaxe":6,"croptopia:tomatillo_seed":1,"minecraft:gold_ingot":9,"croptopia:chile_pepper_seed":2,"minecraft:oak_door":3,"minecraft:smooth_stone_slab":12,"croptopia:pepper_seed":4,"croptopia:radish_seed":2,"croptopia:broccoli_seed":2,"croptopia:bellpepper_seed":3,"croptopia:cucumber_seed":3,"minecraft:diamond":9,"minecraft:iron_axe":1,"croptopia:oat_seed":2,"minecraft:cobblestone_wall":18,"minecraft:diamond_boots":2,"croptopia:cantaloupe_seed":3,"croptopia:sweetpotato_seed":2,"minecraft:wheat":234,"minecraft:diamond_sword":2,"minecraft:iron_sword":1,"minecraft:bread":78,"minecraft:oak_fence_gate":1,"minecraft:oak_boat":2,"justhammers:iron_hammer":9,"croptopia:barley_seed":3,"croptopia:tomato_seed":2,"croptopia:mustard_seed":3,"betterend:iron_hammer":7,"croptopia:lettuce_seed":2,"minecraft:armor_stand":12,"minecraft:iron_shovel":2,"minecraft:iron_leggings":2,"croptopia:grape_seed":5,"minecraft:acacia_planks":868,"minecraft:torch":8,"minecraft:diamond_chestplate":1},"minecraft:used":{"minecraft:tuff_bricks":5,"minecraft:blue_terracotta":1,"minecraft:iron_shovel":21,"minecraft:oak_sign":1,"minecraft:chiseled_tuff":1,"minecraft:decorated_pot":5,"minecraft:chest":134,"minecraft:shield":73,"minecraft:iron_sword":198,"minecraft:iron_chestplate":1,"minecraft:waxed_copper_grate":5,"minecraft:tuff":32,"minecraft:honey_bottle":10,"minecraft:waxed_oxidized_copper":1,"minecraft:waxed_oxidized_copper_grate":1,"minecraft:bow":1,"minecraft:ominous_bottle":2,"minecraft:cooked_cod":6,"minecraft:egg":1,"minecraft:leather_leggings":2,"minecraft:diamond_boots":1,"minecraft:waxed_weathered_copper_bulb":1,"minecraft:oak_planks":1268,"minecraft:ender_pearl":5,"minecraft:leather_chestplate":1,"minecraft:sandstone":6,"minecraft:golden_apple":3,"minecraft:sand":1,"minecraft:crossbow":82,"croptopia:orange":1,"waystones:waystone":1,"minecraft:melon_slice":8,"minecraft:bread":81,"minecraft:string":1,"minecraft:lectern":1,"minecraft:gravel":1,"minecraft:chiseled_tuff_bricks":1,"croptopia:toast":44,"minecraft:diamond_sword":669,"globalxp:xp_block":1,"minecraft:andesite":4,"minecraft:oak_boat":2,"minecraft:oak_fence":8,"croptopia:fig":1,"minecraft:armor_stand":6,"minecraft:cooked_chicken":7,"minecraft:trial_key":18,"minecraft:oak_door":5,"minecraft:orange_bed":2,"minecraft:torch":94,"minecraft:dirt":72,"minecraft:cobblestone_wall":7,"minecraft:diamond_helmet":1,"minecraft:granite":1,"minecraft:iron_axe":274,"minecraft:iron_boots":1,"minecraft:diamond_chestplate":1,"minecraft:golden_carrot":5,"minecraft:cooked_beef":22,"minecraft:cobbled_deepslate":12,"minecraft:acacia_planks":66,"minecraft:orange_terracotta":1,"minecraft:iron_leggings":1,"minecraft:cooked_mutton":10,"minecraft:water_bucket":3,"minecraft:cobblestone_stairs":107,"minecraft:baked_potato":30,"minecraft:cut_sandstone":7,"minecraft:leather_boots":1,"minecraft:waxed_copper_block":8,"minecraft:crafting_table":1,"minecraft:red_bed":5,"croptopia:sweetpotato":1,"minecraft:cake":1,"justhammers:iron_hammer":404,"minecraft:flower_pot":2,"minecraft:diamond_pickaxe":324,"minecraft:ominous_trial_key":9,"minecraft:wind_charge":14,"minecraft:oak_button":2,"betterend:iron_hammer":5,"minecraft:iron_pickaxe":1161,"minecraft:potion":1,"minecraft:cobblestone":2179,"travelersbackpack:standard":14,"minecraft:bucket":5,"minecraft:diamond_leggings":1,"minecraft:splash_potion":1,"minecraft:jukebox":2},"minecraft:custom":{"minecraft:interact_with_crafting_table":37,"minecraft:open_barrel":22,"minecraft:bell_ring":1,"minecraft:eat_cake_slice":4,"minecraft:leave_game":10,"minecraft:time_since_death":223120,"minecraft:sprint_one_cm":2845769,"minecraft:damage_blocked_by_shield":2723,"minecraft:drop":246,"minecraft:talked_to_villager":6,"minecraft:play_time":609068,"minecraft:deaths":9,"minecraft:jump":7712,"minecraft:walk_on_water_one_cm":29212,"minecraft:interact_with_furnace":49,"minecraft:play_record":6,"minecraft:sleep_in_bed":14,"minecraft:waystone_activated":3,"minecraft:damage_dealt":34015,"minecraft:player_kills":2,"minecraft:crouch_one_cm":10806,"minecraft:interact_with_smoker":1,"minecraft:inspect_dispenser":13,"minecraft:horse_one_cm":79003,"minecraft:interact_with_smithing_table":8,"minecraft:mob_kills":263,"minecraft:climb_one_cm":31513,"minecraft:walk_one_cm":1817056,"minecraft:sneak_time":5744,"minecraft:walk_under_water_one_cm":34635,"minecraft:boat_one_cm":313140,"minecraft:interact_with_blast_furnace":6,"minecraft:total_world_time":609068,"minecraft:gravestones_collected":9,"minecraft:time_since_rest":1834,"minecraft:damage_taken":11806,"minecraft:damage_absorbed":39,"minecraft:swim_one_cm":133539,"minecraft:fly_one_cm":1904934,"minecraft:open_chest":317,"minecraft:fall_one_cm":229122},"minecraft:picked_up":{"minecraft:iron_chestplate":1,"minecraft:flower_pot":3,"croptopia:grape_seed":9,"croptopia:kale":4,"croptopia:tomatillo_seed":3,"minecraft:smithing_table":1,"croptopia:broccoli":4,"minecraft:diamond_sword":3,"croptopia:cabbage_seed":3,"minecraft:acacia_pressure_plate":2,"minecraft:potion":2,"minecraft:enchanted_book":4,"croptopia:cantaloupe":3,"minecraft:string":148,"croptopia:lettuce":4,"minecraft:raw_copper":109,"minecraft:armor_stand":6,"minecraft:oak_sign":1,"minecraft:gold_nugget":1,"minecraft:cobbled_deepslate":34,"minecraft:acacia_sign":2,"minecraft:trial_key":23,"minecraft:azalea":2,"croptopia:blueberry":1,"minecraft:iron_pickaxe":6,"croptopia:mustard_seed":5,"minecraft:enchanted_golden_apple":2,"minecraft:melon_slice":106,"minecraft:tipped_arrow":110,"minecraft:stick":7,"croptopia:cucumber":6,"minecraft:jukebox":2,"croptopia:barley_seed":3,"croptopia:blackbean":1,"minecraft:torch":69,"minecraft:acacia_log":3,"travelersbackpack:iron_tier_upgrade":1,"croptopia:vanilla":1,"croptopia:fig":7,"minecraft:waxed_weathered_copper_bulb":4,"minecraft:waxed_copper_grate":16,"minecraft:diorite":3,"croptopia:coffee_seed":3,"croptopia:date":7,"minecraft:orange_bed":2,"minecraft:honey_bottle":5,"minecraft:rotten_flesh":18,"croptopia:persimmon":8,"minecraft:iron_block":1,"minecraft:armadillo_scute":2,"croptopia:vanilla_seeds":1,"croptopia:cabbage":2,"croptopia:garlic_seed":1,"minecraft:cobblestone":3146,"croptopia:lettuce_seed":7,"minecraft:cooked_beef":28,"croptopia:radish":4,"croptopia:nectarine":7,"croptopia:broccoli_seed":4,"minecraft:water_bucket":6,"minecraft:andesite":263,"minecraft:potato":2,"croptopia:mango":12,"minecraft:flint":2,"minecraft:tuff":32,"croptopia:blueberry_seed":1,"minecraft:dirt":41,"croptopia:eggplant":2,"minecraft:bone":94,"travelersbackpack:backpack_tank":3,"croptopia:corn":8,"minecraft:acacia_planks":66,"croptopia:sweetpotato":4,"minecraft:bow":4,"minecraft:wheat_seeds":4,"croptopia:bellpepper":4,"minecraft:grindstone":1,"minecraft:bolt_armor_trim_smithing_template":2,"betterend:iron_hammer":1,"minecraft:guster_banner_pattern":1,"minecraft:bamboo":13,"minecraft:scrape_pottery_sherd":7,"croptopia:kale_seed":6,"croptopia:lime":14,"minecraft:stone_hoe":1,"minecraft:oak_planks":132,"croptopia:chile_pepper_seed":5,"croptopia:dragonfruit":6,"croptopia:plum":4,"minecraft:waxed_oxidized_copper_bulb":1,"croptopia:mustard":4,"croptopia:rice":5,"justhammers:iron_hammer":1,"minecraft:sand":1,"croptopia:oat":2,"croptopia:eggplant_seed":3,"minecraft:diamond_block":1,"croptopia:coffee_beans":3,"croptopia:chile_pepper":3,"croptopia:cherry":10,"minecraft:blue_terracotta":1,"minecraft:diamond":28,"waystones:waystone":2,"minecraft:waxed_oxidized_copper_grate":3,"croptopia:radish_seed":8,"croptopia:pineapple_seed":5,"minecraft:granite":222,"minecraft:crossbow":3,"minecraft:breeze_rod":25,"minecraft:golden_apple":2,"minecraft:emerald":109,"minecraft:bread":8,"minecraft:music_disc_precipice":3,"minecraft:oak_sapling":21,"minecraft:ominous_trial_key":21,"croptopia:toast":44,"minecraft:cocoa_beans":9,"minecraft:ominous_bottle":6,"croptopia:peach":2,"croptopia:sweetpotato_seed":5,"minecraft:gold_block":1,"minecraft:music_disc_creator":5,"croptopia:kumquat":6,"minecraft:brick":114,"minecraft:shield":4,"minecraft:wind_charge":56,"minecraft:red_bed":5,"minecraft:flow_banner_pattern":1,"minecraft:iron_axe":5,"croptopia:bellpepper_seed":4,"minecraft:iron_shovel":2,"croptopia:soybean":6,"croptopia:pear":12,"croptopia:tomatillo":2,"croptopia:tomato_seed":4,"croptopia:avocado":13,"minecraft:chiseled_tuff":1,"croptopia:pepper_seed":10,"croptopia:coconut":8,"minecraft:poppy":1,"minecraft:lectern":1,"minecraft:guster_pottery_sherd":2,"minecraft:chest":14,"minecraft:sugar_cane":4,"globalxp:xp_block":1,"minecraft:waxed_oxidized_copper":1,"minecraft:egg":1,"minecraft:raw_iron":35,"minecraft:sandstone":6,"croptopia:corn_seed":12,"minecraft:oak_door":5,"croptopia:soybean_seed":7,"croptopia:greenbean_seed":1,"croptopia:blackbean_seed":1,"croptopia:rhubarb_seed":3,"minecraft:flow_pottery_sherd":6,"minecraft:trident":1,"minecraft:carrot":1,"minecraft:redstone":5,"croptopia:banana":4,"minecraft:stone_pressure_plate":2,"croptopia:grape":6,"minecraft:tnt":9,"croptopia:cantaloupe_seed":5,"minecraft:arrow":157,"minecraft:diamond_chestplate":2,"minecraft:beetroot_seeds":1,"minecraft:decorated_pot":46,"minecraft:hay_block":26,"croptopia:rhubarb":2,"minecraft:flow_armor_trim_smithing_template":1,"croptopia:pepper":6,"minecraft:tuff_bricks":19,"minecraft:glow_berries":12,"minecraft:golden_carrot":11,"minecraft:glow_ink_sac":4,"minecraft:cut_sandstone":7,"minecraft:leather":1,"croptopia:tea_leaves":2,"minecraft:waxed_copper_bulb":8,"croptopia:basil_seed":2,"minecraft:waxed_copper_block":8,"minecraft:oak_log":833,"minecraft:cobblestone_stairs":160,"minecraft:orange_terracotta":1,"croptopia:rice_seed":7,"croptopia:garlic":1,"minecraft:apple":10,"croptopia:barley":5,"croptopia:pineapple":4,"minecraft:spore_blossom":1,"minecraft:iron_ingot":64,"minecraft:stone_pickaxe":1,"minecraft:cooked_chicken":3,"croptopia:tomato":2,"minecraft:glass_bottle":3,"croptopia:turnip_seed":2,"minecraft:emerald_block":1,"croptopia:starfruit":8,"minecraft:waxed_exposed_copper_bulb":2,"croptopia:cucumber_seed":4,"minecraft:gravel":33,"croptopia:basil":1,"croptopia:turnip":1,"minecraft:crying_obsidian":5,"minecraft:spider_eye":21,"minecraft:polished_tuff":3,"travelersbackpack:standard":13,"croptopia:lemon":20,"croptopia:oat_seed":4,"minecraft:slime_ball":71,"croptopia:orange":3,"croptopia:greenbean":1,"croptopia:grapefruit":10,"minecraft:oak_button":4,"minecraft:baked_potato":23,"minecraft:melon_seeds":1,"minecraft:chiseled_tuff_bricks":3,"minecraft:coal":235},"minecraft:broken":{"minecraft:iron_boots":1,"minecraft:iron_leggings":1,"minecraft:iron_pickaxe":3,"minecraft:iron_helmet":1},"minecraft:killed":{"minecraft:zombified_piglin":1,"minecraft:witch":1,"minecraft:spider":71,"minecraft:skeleton":4,"minecraft:chicken":3,"minecraft:silverfish":23,"minecraft:iron_golem":2,"minecraft:zombie":16,"minecraft:stray":28,"minecraft:bogged":49,"minecraft:slime":44,"creeperoverhaul:ocean_creeper":1,"minecraft:breeze":10,"creeperoverhaul:savannah_creeper":1,"minecraft:player":2},"minecraft:mined":{"croptopia:bellpepper_crop":5,"croptopia:cantaloupe_crop":3,"croptopia:pepper_crop":7,"croptopia:greenbean_crop":1,"minecraft:stone_pressure_plate":1,"croptopia:mustard_crop":4,"croptopia:grape_crop":6,"minecraft:jungle_leaves":10,"minecraft:cobblestone_stairs":191,"minecraft:cave_vines_plant":2,"minecraft:granite":42,"croptopia:lime_crop":14,"minecraft:acacia_log":1,"minecraft:grass_block":29,"minecraft:chiseled_tuff_bricks":3,"minecraft:tuff_bricks":8,"croptopia:cherry_crop":11,"minecraft:iron_ore":3,"minecraft:cobbled_deepslate":9,"minecraft:fire":15,"croptopia:tea_crop":1,"minecraft:polished_tuff":2,"minecraft:waxed_oxidized_copper_bulb":1,"croptopia:date_crop":7,"croptopia:apple_crop":8,"minecraft:cave_vines":2,"minecraft:oak_sign":1,"croptopia:kumquat_crop":6,"minecraft:orange_bed":1,"croptopia:starfruit_crop":8,"minecraft:cut_sandstone":7,"croptopia:eggplant_crop":2,"minecraft:red_bed":4,"minecraft:orange_terracotta":1,"minecraft:powder_snow":6,"croptopia:turnip_crop":1,"minecraft:torch":16,"croptopia:oat_crop":2,"croptopia:garlic_crop":1,"minecraft:melon":25,"minecraft:chest":14,"croptopia:broccoli_crop":4,"minecraft:cobblestone":158,"minecraft:grindstone":1,"minecraft:sugar_cane":1,"minecraft:oak_planks":124,"minecraft:wall_torch":29,"minecraft:waxed_copper_bulb":10,"croptopia:nectarine_crop":8,"minecraft:blue_terracotta":1,"croptopia:pineapple_crop":3,"minecraft:wheat":1,"croptopia:tomatillo_crop":2,"croptopia:pear_crop":12,"minecraft:jukebox":2,"minecraft:waxed_copper_block":8,"croptopia:avocado_crop":15,"croptopia:vanilla_crop":1,"minecraft:tnt":9,"croptopia:chile_pepper_crop":4,"minecraft:oak_log":46,"minecraft:beetroots":1,"croptopia:rice_crop":5,"minecraft:waxed_oxidized_copper":1,"minecraft:sand":3,"minecraft:dirt":13,"croptopia:basil_crop":1,"minecraft:oak_leaves":34,"minecraft:deepslate":18,"croptopia:cabbage_crop":2,"croptopia:cucumber_crop":5,"minecraft:crying_obsidian":5,"minecraft:tuff":32,"croptopia:orange_crop":3,"minecraft:oak_door":3,"croptopia:kale_crop":4,"croptopia:persimmon_crop":8,"minecraft:decorated_pot":55,"croptopia:mango_crop":12,"croptopia:coffee_crop":3,"minecraft:sandstone":6,"croptopia:barley_crop":4,"minecraft:hay_block":26,"minecraft:carrots":1,"croptopia:fig_crop":7,"minecraft:waxed_copper_grate":8,"croptopia:corn_crop":8,"croptopia:soybean_crop":7,"croptopia:blueberry_crop":1,"minecraft:andesite":44,"croptopia:peach_crop":2,"minecraft:gold_block":1,"minecraft:potatoes":2,"croptopia:rhubarb_crop":2,"minecraft:vine":3,"minecraft:deepslate_iron_ore":32,"minecraft:bamboo":2,"minecraft:waxed_weathered_copper_bulb":2,"minecraft:stone":1022,"croptopia:coconut_crop":8,"minecraft:smithing_table":1,"minecraft:waxed_exposed_copper_bulb":2,"minecraft:glass_pane":1,"croptopia:lettuce_crop":4,"croptopia:sweetpotato_crop":5,"travelersbackpack:standard":11,"minecraft:short_grass":11,"minecraft:emerald_ore":5,"minecraft:lectern":1,"croptopia:blackbean_crop":1,"croptopia:lemon_crop":20,"minecraft:copper_ore":3,"minecraft:tall_grass":4,"croptopia:banana_crop":4,"minecraft:diorite":2,"minecraft:waxed_oxidized_copper_grate":3,"croptopia:plum_crop":4,"minecraft:birch_leaves":1,"croptopia:tomato_crop":3,"croptopia:dragonfruit_crop":6,"minecraft:coal_ore":220,"minecraft:cocoa":3,"croptopia:grapefruit_crop":10,"croptopia:radish_crop":3,"minecraft:gravel":10,"minecraft:cobweb":1,"minecraft:acacia_planks":66,"minecraft:acacia_wall_sign":1},"minecraft:dropped":{"minecraft:iron_sword":1,"minecraft:diamond_axe":1,"minecraft:ominous_bottle":1,"minecraft:glass_bottle":8,"minecraft:ender_pearl":1,"minecraft:diamond":4,"croptopia:cucumber":3,"minecraft:decorated_pot":41,"croptopia:eggplant":2,"croptopia:chile_pepper_seed":2,"travelersbackpack:standard":1,"betterend:iron_hammer":2,"croptopia:pineapple":4,"minecraft:scrape_pottery_sherd":6,"croptopia:sweetpotato_seed":1,"minecraft:gold_nugget":1,"croptopia:mustard_seed":1,"minecraft:bone":28,"croptopia:corn":3,"minecraft:cooked_chicken":1,"minecraft:chiseled_tuff_bricks":2,"minecraft:cobbled_deepslate":5,"croptopia:tomatillo":1,"minecraft:rotten_flesh":13,"croptopia:chile_pepper":1,"croptopia:bellpepper":1,"minecraft:leather_chestplate":1,"croptopia:broccoli":2,"minecraft:tipped_arrow":3,"minecraft:trident":1,"croptopia:avocado":6,"minecraft:melon_seeds":1,"minecraft:leather_boots":1,"minecraft:leather_leggings":1,"minecraft:arrow":66,"minecraft:crying_obsidian":5,"croptopia:barley":2,"croptopia:mustard":1,"croptopia:turnip":1,"croptopia:garlic":1,"minecraft:water_bucket":3,"minecraft:stone_hoe":1,"minecraft:bread":5,"minecraft:wheat_seeds":4,"croptopia:starfruit":1,"croptopia:kale":2,"croptopia:orange":2,"minecraft:iron_helmet":1,"minecraft:cobblestone":56,"croptopia:sweetpotato":1,"minecraft:waxed_copper_grate":7,"minecraft:polished_tuff":3,"minecraft:apple":1,"minecraft:granite":1,"croptopia:grape":1,"minecraft:ominous_trial_key":12,"minecraft:stick":2,"croptopia:lemon":1,"croptopia:lettuce":2,"minecraft:waxed_copper_bulb":1,"minecraft:armadillo_scute":2,"minecraft:iron_axe":1,"croptopia:vanilla":1,"croptopia:plum":4,"minecraft:string":78,"minecraft:redstone":5,"minecraft:tuff_bricks":14,"minecraft:flow_pottery_sherd":6,"minecraft:raw_copper":4,"croptopia:cucumber_seed":1,"minecraft:raw_iron":3,"croptopia:rhubarb":2,"croptopia:radish_seed":4,"croptopia:basil":1,"minecraft:filled_map":1,"minecraft:shield":1,"minecraft:flower_pot":1,"minecraft:oak_button":2,"minecraft:trial_key":5,"minecraft:iron_chestplate":2,"minecraft:oak_sapling":3,"croptopia:radish":2,"croptopia:tea_leaves":2,"minecraft:stone_pressure_plate":2,"minecraft:spider_eye":9,"minecraft:slime_ball":10,"croptopia:peach":2,"minecraft:bow":3,"minecraft:stone_pickaxe":1,"croptopia:lime":5,"minecraft:waxed_oxidized_copper_grate":2,"minecraft:brick":96},"minecraft:killed_by":{"minecraft:bogged":1,"creeperoverhaul:ocean_creeper":1,"minecraft:silverfish":1,"minecraft:player":2,"minecraft:spider":1,"minecraft:iron_golem":1}},"DataVersion":3953}