{"stats":{"minecraft:used":{"minecraft:tuff_bricks":1,"minecraft:oak_sign":2,"minecraft:chest":10,"minecraft:decorated_pot":2,"minecraft:shield":25,"minecraft:iron_sword":35,"minecraft:rotten_flesh":1,"minecraft:acacia_sapling":89,"minecraft:waxed_copper_grate":3,"minecraft:tuff":2,"minecraft:snowball":12,"minecraft:lava_bucket":1,"minecraft:grass_block":1,"minecraft:bow":3,"minecraft:oak_sapling":116,"minecraft:egg":4,"minecraft:potato":1,"minecraft:waxed_weathered_copper_bulb":3,"minecraft:oak_planks":12,"minecraft:ender_pearl":1,"minecraft:diamond_axe":613,"minecraft:loom":1,"minecraft:crossbow":64,"minecraft:lingering_potion":8,"minecraft:redstone_torch":1,"minecraft:mace":2,"minecraft:melon_slice":46,"minecraft:bread":51,"minecraft:chiseled_tuff_bricks":2,"croptopia:toast":29,"minecraft:diamond_sword":814,"minecraft:fire_charge":1,"globalxp:xp_block":1,"minecraft:smithing_table":1,"minecraft:chain":10,"minecraft:bone_meal":19,"minecraft:waxed_copper_bulb":12,"minecraft:oak_fence":3,"minecraft:oak_trapdoor":10,"minecraft:acacia_log":4,"minecraft:stone_shovel":17,"minecraft:cooked_chicken":2,"minecraft:trial_key":20,"minecraft:oak_door":12,"minecraft:orange_bed":2,"minecraft:torch":39,"minecraft:dirt":5,"minecraft:anvil":1,"minecraft:iron_axe":282,"minecraft:slime_block":2,"minecraft:diamond_chestplate":1,"minecraft:golden_carrot":10,"minecraft:acacia_planks":6,"minecraft:cooked_beef":32,"minecraft:cobbled_deepslate":8,"minecraft:cooked_mutton":1,"minecraft:water_bucket":23,"minecraft:cobblestone_stairs":8,"minecraft:baked_potato":39,"minecraft:waxed_copper_block":45,"minecraft:crafting_table":1,"minecraft:cake":1,"minecraft:flower_pot":2,"minecraft:diamond_pickaxe":682,"minecraft:acacia_sign":2,"minecraft:ominous_trial_key":7,"minecraft:wind_charge":4,"minecraft:iron_pickaxe":21,"minecraft:oak_button":17,"minecraft:copper_bulb":1,"minecraft:cobblestone":29,"minecraft:potion":5,"travelersbackpack:standard":15,"minecraft:acacia_pressure_plate":2,"minecraft:bucket":33,"minecraft:splash_potion":9,"minecraft:jukebox":1},"minecraft:crafted":{"minecraft:oak_planks":4,"minecraft:oak_sign":3,"minecraft:acacia_pressure_plate":2,"minecraft:oak_pressure_plate":1,"minecraft:slime_block":2,"minecraft:loom":1,"minecraft:cobblestone_stairs":4,"minecraft:cooked_mutton":1,"minecraft:glass":80,"minecraft:diamond_helmet":2,"minecraft:iron_boots":4,"croptopia:avocado_toast":4,"minecraft:decorated_pot":1,"minecraft:chest":10,"minecraft:oak_button":2,"minecraft:oak_fence":9,"minecraft:white_banner":1,"minecraft:emerald":18,"minecraft:diamond_axe":1,"minecraft:crafting_table":1,"minecraft:iron_helmet":1,"minecraft:baked_potato":18,"travelersbackpack:standard":1,"minecraft:copper_ingot":4,"minecraft:iron_chestplate":1,"minecraft:diamond_pickaxe":1,"minecraft:emerald_block":9,"minecraft:shield":2,"minecraft:stick":24,"minecraft:iron_ingot":77,"minecraft:iron_pickaxe":1,"minecraft:iron_block":3,"minecraft:gold_ingot":16,"minecraft:redstone_torch":1,"minecraft:oak_door":6,"minecraft:jukebox":1,"minecraft:bone_meal":36,"minecraft:oak_trapdoor":4,"minecraft:iron_axe":1,"minecraft:red_dye":4,"minecraft:diamond_sword":1,"minecraft:iron_sword":1,"minecraft:bucket":1,"minecraft:air":0,"minecraft:white_wool":6,"minecraft:golden_apple":3,"minecraft:acacia_sign":3,"minecraft:iron_leggings":2,"minecraft:anvil":1,"minecraft:acacia_planks":44,"minecraft:torch":76,"minecraft:diamond_chestplate":1},"minecraft:killed_by":{"minecraft:player":1},"minecraft:broken":{"minecraft:iron_boots":2,"minecraft:iron_chestplate":1,"minecraft:iron_leggings":2,"minecraft:iron_axe":1},"minecraft:picked_up":{"minecraft:iron_chestplate":4,"minecraft:flower_pot":4,"minecraft:smithing_table":1,"minecraft:diamond_sword":1,"minecraft:potion":9,"minecraft:enchanted_book":4,"minecraft:string":161,"minecraft:raw_copper":2,"minecraft:iron_leggings":1,"minecraft:cobbled_deepslate":22,"minecraft:trial_key":27,"minecraft:redstone_torch":1,"minecraft:iron_pickaxe":1,"minecraft:enchanted_golden_apple":3,"minecraft:melon_slice":173,"minecraft:tipped_arrow":126,"minecraft:stick":100,"minecraft:oak_fence":3,"minecraft:torch":55,"minecraft:acacia_log":227,"travelersbackpack:iron_tier_upgrade":1,"minecraft:waxed_weathered_copper_bulb":4,"minecraft:waxed_copper_grate":28,"minecraft:diorite":2,"minecraft:orange_bed":2,"minecraft:honey_bottle":9,"minecraft:rotten_flesh":15,"minecraft:armadillo_scute":3,"minecraft:cod":2,"minecraft:cobblestone":230,"minecraft:feather":8,"minecraft:cooked_beef":32,"minecraft:water_bucket":3,"croptopia:nectarine":11,"minecraft:potato":1,"minecraft:tuff":22,"minecraft:magenta_bed":2,"minecraft:dirt":6,"minecraft:leather_boots":1,"minecraft:bone":117,"minecraft:acacia_planks":62,"minecraft:bow":12,"minecraft:wheat_seeds":10,"minecraft:bolt_armor_trim_smithing_template":4,"minecraft:scrape_pottery_sherd":1,"minecraft:oak_planks":5,"minecraft:grass_block":1,"minecraft:dead_bush":1,"croptopia:cherry":6,"minecraft:diamond":23,"minecraft:waxed_oxidized_copper_grate":4,"minecraft:granite":2,"minecraft:crossbow":1,"minecraft:breeze_rod":19,"minecraft:golden_apple":4,"minecraft:bread":52,"minecraft:emerald":99,"minecraft:music_disc_precipice":1,"minecraft:oak_sapling":116,"minecraft:ominous_trial_key":13,"minecraft:diamond_pickaxe":1,"croptopia:toast":73,"minecraft:waxed_oxidized_cut_copper":3,"minecraft:ominous_bottle":3,"minecraft:chicken":4,"minecraft:music_disc_creator":1,"minecraft:chain":26,"minecraft:brick":95,"minecraft:shield":4,"minecraft:wind_charge":62,"minecraft:oak_trapdoor":8,"minecraft:red_bed":1,"croptopia:avocado":4,"minecraft:beef":7,"minecraft:poppy":4,"globalxp:xp_block":1,"minecraft:waxed_oxidized_copper":1,"minecraft:egg":5,"minecraft:raw_iron":42,"minecraft:copper_bulb":4,"minecraft:oak_door":8,"minecraft:flow_pottery_sherd":5,"minecraft:mace":1,"minecraft:waxed_oxidized_chiseled_copper":3,"minecraft:stone_shovel":1,"minecraft:arrow":195,"minecraft:diamond_chestplate":1,"minecraft:decorated_pot":2,"minecraft:flow_armor_trim_smithing_template":4,"minecraft:tuff_bricks":19,"minecraft:mutton":2,"minecraft:white_wool":2,"minecraft:golden_carrot":15,"minecraft:salmon":1,"minecraft:leather":8,"minecraft:exposed_copper_bulb":1,"minecraft:waxed_copper_bulb":36,"minecraft:oak_log":451,"minecraft:waxed_copper_block":72,"minecraft:cobblestone_stairs":4,"minecraft:white_banner":1,"minecraft:apple":12,"minecraft:iron_ingot":18,"minecraft:stone_pickaxe":1,"minecraft:cooked_chicken":2,"minecraft:glass_bottle":5,"minecraft:iron_sword":1,"minecraft:acacia_sapling":89,"minecraft:milk_bucket":1,"minecraft:emerald_block":4,"minecraft:pumpkin":6,"minecraft:heavy_core":1,"minecraft:waxed_exposed_copper_bulb":6,"minecraft:dandelion":3,"minecraft:gravel":14,"minecraft:spider_eye":73,"travelersbackpack:standard":1,"croptopia:lemon":2,"minecraft:slime_ball":86,"minecraft:diamond_axe":1,"minecraft:oak_button":17,"minecraft:baked_potato":33,"minecraft:chiseled_tuff_bricks":6,"minecraft:coal":201},"minecraft:custom":{"minecraft:interact_with_crafting_table":53,"minecraft:open_barrel":7,"minecraft:eat_cake_slice":2,"minecraft:leave_game":17,"minecraft:time_since_death":63488,"minecraft:sprint_one_cm":1277085,"minecraft:damage_blocked_by_shield":430,"minecraft:drop":156,"minecraft:play_time":547656,"minecraft:deaths":2,"minecraft:jump":4295,"minecraft:walk_on_water_one_cm":33100,"minecraft:interact_with_furnace":38,"minecraft:play_record":1,"minecraft:interact_with_loom":3,"minecraft:sleep_in_bed":11,"minecraft:waystone_activated":3,"minecraft:damage_dealt":37924,"minecraft:player_kills":2,"minecraft:crouch_one_cm":16132,"minecraft:interact_with_smoker":2,"minecraft:inspect_dispenser":81,"minecraft:horse_one_cm":13,"minecraft:interact_with_smithing_table":15,"minecraft:mob_kills":374,"minecraft:interact_with_anvil":14,"minecraft:climb_one_cm":26980,"minecraft:walk_one_cm":2155384,"minecraft:sneak_time":5299,"minecraft:walk_under_water_one_cm":35134,"minecraft:interact_with_blast_furnace":3,"minecraft:total_world_time":547656,"minecraft:gravestones_collected":2,"minecraft:time_since_rest":327,"minecraft:damage_taken":12047,"minecraft:swim_one_cm":21567,"minecraft:fly_one_cm":717518,"minecraft:open_chest":321,"minecraft:fall_one_cm":131326},"minecraft:dropped":{"minecraft:iron_sword":1,"minecraft:lapis_lazuli":1,"minecraft:oak_log":232,"minecraft:baked_potato":5,"minecraft:glass_bottle":10,"minecraft:decorated_pot":1,"minecraft:heavy_core":1,"minecraft:red_bed":1,"minecraft:mace":1,"minecraft:waxed_oxidized_chiseled_copper":3,"minecraft:scrape_pottery_sherd":1,"minecraft:copper_bulb":2,"minecraft:bolt_armor_trim_smithing_template":1,"minecraft:iron_pickaxe":1,"minecraft:oak_door":1,"minecraft:gravel":6,"minecraft:chiseled_tuff_bricks":4,"minecraft:cobbled_deepslate":5,"minecraft:rotten_flesh":7,"minecraft:lingering_potion":4,"minecraft:splash_potion":1,"minecraft:enchanted_book":1,"minecraft:water_bucket":5,"minecraft:bread":1,"minecraft:wheat_seeds":4,"minecraft:cobblestone":12,"minecraft:ominous_trial_key":3,"minecraft:flow_armor_trim_smithing_template":3,"minecraft:magenta_bed":2,"minecraft:diorite":2,"minecraft:golden_carrot":2,"minecraft:torch":1,"minecraft:waxed_copper_bulb":2,"minecraft:waxed_oxidized_copper":1,"minecraft:fire_charge":1,"minecraft:dead_bush":1,"minecraft:armadillo_scute":2,"minecraft:bucket":1,"minecraft:dandelion":3,"minecraft:tuff_bricks":16,"minecraft:flow_pottery_sherd":1,"minecraft:raw_copper":2,"minecraft:diamond_sword":1,"minecraft:shield":2,"minecraft:flower_pot":2,"minecraft:trial_key":7,"minecraft:oak_button":1,"minecraft:iron_chestplate":4,"minecraft:waxed_oxidized_cut_copper":3,"minecraft:spider_eye":40,"minecraft:bow":8,"minecraft:waxed_oxidized_copper_grate":4},"minecraft:mined":{"minecraft:cobblestone_stairs":2,"minecraft:potted_dead_bush":1,"minecraft:granite":2,"minecraft:acacia_log":231,"minecraft:grass_block":2,"minecraft:chiseled_tuff_bricks":4,"minecraft:tuff_bricks":16,"croptopia:cherry_crop":1,"minecraft:iron_ore":25,"minecraft:cobbled_deepslate":2,"minecraft:fire":24,"minecraft:pumpkin":6,"minecraft:orange_bed":2,"minecraft:copper_bulb":2,"minecraft:exposed_copper_bulb":1,"minecraft:red_bed":1,"minecraft:powder_snow":5,"minecraft:torch":21,"minecraft:poppy":4,"minecraft:melon":33,"minecraft:cobblestone":10,"minecraft:oak_planks":5,"minecraft:wall_torch":32,"minecraft:seagrass":1,"minecraft:chain":4,"minecraft:waxed_copper_bulb":32,"minecraft:magenta_bed":1,"minecraft:waxed_copper_block":73,"croptopia:avocado_crop":1,"minecraft:oak_log":470,"minecraft:waxed_oxidized_copper":2,"minecraft:dirt":4,"minecraft:oak_leaves":15,"minecraft:deepslate":13,"minecraft:emerald_block":1,"minecraft:tuff":20,"minecraft:oak_door":7,"minecraft:waxed_oxidized_chiseled_copper":2,"minecraft:decorated_pot":12,"minecraft:oak_trapdoor":8,"minecraft:waxed_oxidized_cut_copper":3,"minecraft:waxed_copper_grate":28,"minecraft:chiseled_tuff":4,"minecraft:potatoes":1,"minecraft:deepslate_iron_ore":17,"minecraft:waxed_weathered_copper_bulb":4,"minecraft:stone":217,"minecraft:redstone_wall_torch":1,"minecraft:waxed_exposed_copper_bulb":6,"minecraft:acacia_leaves":1,"minecraft:dandelion":2,"minecraft:oak_fence":3,"minecraft:short_grass":51,"minecraft:tall_grass":13,"minecraft:deepslate_coal_ore":10,"minecraft:diorite":1,"minecraft:waxed_oxidized_copper_grate":2,"minecraft:coal_ore":191,"minecraft:flower_pot":1,"minecraft:gravel":8,"minecraft:cobweb":35,"minecraft:acacia_planks":6,"minecraft:oak_button":16},"minecraft:killed":{"minecraft:spider":94,"minecraft:skeleton":8,"minecraft:chicken":4,"minecraft:silverfish":64,"minecraft:sheep":2,"minecraft:pillager":3,"minecraft:zombie":11,"minecraft:stray":31,"minecraft:cow":4,"minecraft:bogged":52,"minecraft:slime":77,"creeperoverhaul:ocean_creeper":1,"minecraft:breeze":12,"minecraft:player":1,"minecraft:enderman":1}},"DataVersion":3953}